{
  "uuid": "cd15492a-1004-3006-8910-bda1273215e8",
  "starterPrompted": true,
  "starterLocked": false,
  "starterSelected": true,
  "starterUUID": "709c2a2e-8278-461f-9391-301941be56ed",
  "keyItems": [],
  "battleTheme": "cobblemon:battle.pvp.default",
  "extraData": {},
  "advancementData": {
    "totalCaptureCount": 2,
    "totalEggsHatched": 0,
    "totalEvolvedCount": 1,
    "totalBattleVictoryCount": 7,
    "totalPvPBattleVictoryCount": 1,
    "totalPvWBattleVictoryCount": 6,
    "totalPvNBattleVictoryCount": 0,
    "totalShinyCaptureCount": 0,
    "totalTradedCount": 0,
    "totalTypeCaptureCounts": {
      "bug": 1,
      "rock": 1,
      "electric": 1
    },
    "totalDefeatedCounts": {
      "cobblemon:sentret": 2,
      "cobblemon:oddish": 1,
      "cobblemon:zigzagoon": 1,
      "cobblemon:pidgeotto": 1,
      "cobblemon:gimmighoul": 1
    },
    "aspectsCollected": {}
  }
}