{
  "uuid": "9b649dcc-85c0-3f4d-9038-5ecb2eb1fa3c",
  "starterPrompted": true,
  "starterLocked": false,
  "starterSelected": true,
  "starterUUID": "73b716e7-b4b1-47a2-8fdb-8ae64949704e",
  "keyItems": [],
  "battleTheme": "cobblemon:battle.pvp.default",
  "extraData": {},
  "advancementData": {
    "totalCaptureCount": 3,
    "totalEggsHatched": 0,
    "totalEvolvedCount": 0,
    "totalBattleVictoryCount": 17,
    "totalPvPBattleVictoryCount": 0,
    "totalPvWBattleVictoryCount": 17,
    "totalPvNBattleVictoryCount": 0,
    "totalShinyCaptureCount": 0,
    "totalTradedCount": 0,
    "totalTypeCaptureCounts": {
      "fighting": 2,
      "normal": 1,
      "grass": 1
    },
    "totalDefeatedCounts": {
      "cobblemon:taillow": 1,
      "cobblemon:zigzagoon": 2,
      "cobblemon:spinarak": 1,
      "cobblemon:diglett": 1,
      "cobblemon:patrat": 1,
      "cobblemon:machop": 1,
      "cobblemon:bunnelby": 1,
      "cobblemon:bouffalant": 2,
      "cobblemon:geodude": 2,
      "cobblemon:diggersby": 1,
      "cobblemon:flaaffy": 1,
      "cobblemon:growlithe": 1,
      "cobblemon:zorua": 1,
      "cobblemon:linoone": 1
    },
    "aspectsCollected": {}
  }
}