{
  "uuid": "a192ce49-fb5f-3d60-b528-1595c6da3ee7",
  "starterPrompted": true,
  "starterLocked": false,
  "starterSelected": true,
  "starterUUID": "56633411-3d91-4864-ae0d-155cdd3b29a2",
  "keyItems": [],
  "battleTheme": "cobblemon:battle.pvp.default",
  "extraData": {},
  "advancementData": {
    "totalCaptureCount": 6,
    "totalEggsHatched": 0,
    "totalEvolvedCount": 5,
    "totalBattleVictoryCount": 67,
    "totalPvPBattleVictoryCount": 0,
    "totalPvWBattleVictoryCount": 67,
    "totalPvNBattleVictoryCount": 0,
    "totalShinyCaptureCount": 0,
    "totalTradedCount": 4,
    "totalTypeCaptureCounts": {
      "dragon": 1,
      "ground": 1,
      "poison": 2,
      "ghost": 2,
      "grass": 1,
      "fire": 1,
      "rock": 1
    },
    "totalDefeatedCounts": {
      "cobblemon:pidgey": 2,
      "cobblemon:weedle": 1,
      "cobblemon:lechonk": 2,
      "cobblemon:shroomish": 1,
      "cobblemon:fidough": 2,
      "cobblemon:ekans": 1,
      "cobblemon:gastly": 1,
      "cobblemon:bouffalant": 3,
      "cobblemon:ursaring": 1,
      "cobblemon:cubone": 1,
      "cobblemon:combee": 2,
      "cobblemon:patrat": 1,
      "cobblemon:sneasel": 1,
      "cobblemon:scatterbug": 1,
      "cobblemon:heracross": 1,
      "cobblemon:beedrill": 1,
      "cobblemon:pineco": 1,
      "cobblemon:teddiursa": 1,
      "cobblemon:miltank": 1,
      "cobblemon:mankey": 4,
      "cobblemon:sentret": 3,
      "cobblemon:caterpie": 3,
      "cobblemon:rookidee": 2,
      "cobblemon:pachirisu": 1,
      "cobblemon:rattata": 1,
      "cobblemon:starly": 2,
      "cobblemon:snubbull": 1,
      "cobblemon:wooloo": 2,
      "cobblemon:mudbray": 1,
      "cobblemon:tandemaus": 1,
      "cobblemon:petilil": 1,
      "cobblemon:machop": 4,
      "cobblemon:mareep": 1,
      "cobblemon:buneary": 2,
      "cobblemon:taillow": 1,
      "cobblemon:whimsicott": 2,
      "cobblemon:bunnelby": 1,
      "cobblemon:furret": 1,
      "cobblemon:spinarak": 1,
      "cobblemon:meowth": 1,
      "cobblemon:growlithe": 1,
      "cobblemon:timburr": 1,
      "cobblemon:makuhita": 1
    },
    "aspectsCollected": {}
  }
}