{
  "uuid": "b37b65db-221d-3de0-b250-3ac41d4b626c",
  "starterPrompted": true,
  "starterLocked": false,
  "starterSelected": true,
  "starterUUID": "ced23e6e-4b4e-46b4-a279-5ffe411bc1b7",
  "keyItems": [],
  "battleTheme": "cobblemon:battle.pvp.default",
  "extraData": {},
  "advancementData": {
    "totalCaptureCount": 16,
    "totalEggsHatched": 0,
    "totalEvolvedCount": 3,
    "totalBattleVictoryCount": 29,
    "totalPvPBattleVictoryCount": 3,
    "totalPvWBattleVictoryCount": 26,
    "totalPvNBattleVictoryCount": 0,
    "totalShinyCaptureCount": 0,
    "totalTradedCount": 2,
    "totalTypeCaptureCounts": {
      "fire": 2,
      "rock": 4,
      "ground": 4,
      "dragon": 1,
      "ghost": 2,
      "electric": 1,
      "normal": 3,
      "steel": 2,
      "fighting": 2,
      "poison": 1,
      "grass": 1
    },
    "totalDefeatedCounts": {
      "cobblemon:onix": 1,
      "cobblemon:mareep": 1,
      "cobblemon:stonjourner": 2,
      "cobblemon:bouffalant": 5,
      "cobblemon:electivire": 1,
      "cobblemon:diggersby": 1
    },
    "aspectsCollected": {}
  }
}