{
  "uuid": "19cf9bc9-afc9-33ec-83d3-aea11617e491",
  "starterPrompted": true,
  "starterLocked": false,
  "starterSelected": true,
  "starterUUID": "a6a65508-ada0-4a71-af5b-479ac17d6c29",
  "keyItems": [],
  "battleTheme": "cobblemon:battle.pvp.default",
  "extraData": {},
  "advancementData": {
    "totalCaptureCount": 14,
    "totalEggsHatched": 0,
    "totalEvolvedCount": 6,
    "totalBattleVictoryCount": 74,
    "totalPvPBattleVictoryCount": 0,
    "totalPvWBattleVictoryCount": 74,
    "totalPvNBattleVictoryCount": 0,
    "totalShinyCaptureCount": 0,
    "totalTradedCount": 4,
    "totalTypeCaptureCounts": {
      "normal": 2,
      "ground": 3,
      "ghost": 1,
      "poison": 2,
      "rock": 1,
      "fighting": 4,
      "fire": 3,
      "bug": 1,
      "electric": 1,
      "dragon": 1
    },
    "totalDefeatedCounts": {
      "cobblemon:rookidee": 2,
      "cobblemon:darumaka": 2,
      "cobblemon:growlithe": 3,
      "cobblemon:komala": 1,
      "cobblemon:lechonk": 2,
      "cobblemon:pidove": 3,
      "cobblemon:graveler": 1,
      "cobblemon:seedot": 1,
      "cobblemon:wooloo": 4,
      "cobblemon:cubone": 1,
      "cobblemon:heracross": 1,
      "cobblemon:phanpy": 1,
      "cobblemon:bunnelby": 2,
      "cobblemon:dubwool": 1,
      "cobblemon:arcanine": 1,
      "cobblemon:xatu": 1,
      "cobblemon:heatmor": 1,
      "cobblemon:venipede": 1,
      "cobblemon:klefki": 1,
      "cobblemon:spinda": 1,
      "cobblemon:lilligant": 1,
      "cobblemon:patrat": 1,
      "cobblemon:nuzleaf": 1,
      "cobblemon:bouffalant": 1,
      "cobblemon:golem": 1,
      "cobblemon:swellow": 1,
      "cobblemon:kakuna": 1,
      "cobblemon:voltorb": 1,
      "cobblemon:mrmime": 1,
      "cobblemon:petilil": 1,
      "cobblemon:golbat": 1,
      "cobblemon:kangaskhan": 1,
      "cobblemon:lopunny": 1,
      "cobblemon:lillipup": 2,
      "cobblemon:mabosstiff": 2,
      "cobblemon:geodude": 1,
      "cobblemon:tauros": 2,
      "cobblemon:metapod": 1,
      "cobblemon:pidgeotto": 2,
      "cobblemon:watchog": 1,
      "cobblemon:buneary": 1,
      "cobblemon:fidough": 1,
      "cobblemon:granbull": 1,
      "cobblemon:cufant": 1,
      "cobblemon:doduo": 2,
      "cobblemon:vivillon": 1,
      "cobblemon:corvisquire": 1,
      "cobblemon:ekans": 1,
      "cobblemon:weezing": 1
    },
    "aspectsCollected": {}
  }
}