{"stats":{"minecraft:used":{"minecraft:peony":1,"minecraft:moss_block":13,"minecraft:moss_carpet":4,"minecraft:iron_shovel":1076,"minecraft:spruce_slab":17,"minecraft:chest":14,"minecraft:shield":69,"minecraft:iron_sword":70,"minecraft:iron_chestplate":1,"minecraft:carrot":3,"minecraft:acacia_sapling":1,"minecraft:tuff":1,"minecraft:stripped_spruce_log":3,"minecraft:obsidian":48,"minecraft:glass":18,"minecraft:cyan_terracotta":18,"minecraft:lantern":11,"minecraft:birch_sapling":2,"minecraft:birch_button":2,"minecraft:bow":14,"minecraft:furnace":1,"minecraft:acacia_fence":2,"minecraft:egg":28,"minecraft:stripped_spruce_wood":1,"minecraft:spruce_door":12,"minecraft:oak_planks":492,"minecraft:wooden_pickaxe":53,"minecraft:composter":2,"minecraft:oak_leaves":182,"minecraft:white_wool":2,"minecraft:shears":233,"minecraft:lightning_rod":7,"minecraft:birch_fence":2,"minecraft:melon_slice":42,"minecraft:birch_slab":79,"minecraft:bread":117,"minecraft:brown_wool":2,"minecraft:iron_door":1,"minecraft:gravel":3,"minecraft:diamond_sword":254,"minecraft:birch_log":1,"minecraft:oak_boat":1,"minecraft:coarse_dirt":56,"minecraft:azalea":2,"minecraft:oak_fence":10,"minecraft:flint_and_steel":7,"minecraft:cooked_chicken":27,"minecraft:orange_bed":18,"minecraft:torch":133,"minecraft:dirt":635,"minecraft:wooden_axe":91,"minecraft:flowering_azalea":1,"minecraft:iron_axe":1044,"minecraft:oak_stairs":18,"minecraft:barrel":6,"minecraft:diamond_chestplate":1,"minecraft:basalt":4,"minecraft:beef":4,"minecraft:cooked_beef":10,"minecraft:acacia_planks":2,"minecraft:cobbled_deepslate":91,"minecraft:wheat_seeds":38,"minecraft:cooked_mutton":12,"minecraft:water_bucket":18,"minecraft:amethyst_block":2,"minecraft:birch_planks":803,"minecraft:birch_boat":2,"minecraft:oak_slab":52,"minecraft:crafting_table":10,"minecraft:white_bed":38,"minecraft:spruce_log":205,"minecraft:oak_log":35,"minecraft:flower_pot":4,"minecraft:diamond_pickaxe":596,"minecraft:apple":1,"minecraft:chicken":2,"minecraft:iron_pickaxe":731,"minecraft:spruce_trapdoor":44,"minecraft:spruce_sapling":1,"minecraft:cobblestone":109,"minecraft:cooked_porkchop":5,"minecraft:bucket":18,"minecraft:glass_pane":77,"minecraft:stripped_oak_log":7,"minecraft:birch_stairs":21},"minecraft:dropped":{"minecraft:birch_planks":41,"minecraft:diamond":8,"minecraft:crafting_table":1,"minecraft:cooked_porkchop":1,"minecraft:orange_tulip":11,"minecraft:leather":10,"minecraft:birch_slab":4,"minecraft:flint":6,"minecraft:cyan_terracotta":3,"minecraft:dirt":472,"minecraft:dark_oak_log":5,"minecraft:snowball":1,"minecraft:bone_meal":6,"minecraft:bone_block":6,"minecraft:white_wool":1,"minecraft:bone":4,"minecraft:gold_ingot":56,"cobblemon:ultra_ball":27,"minecraft:gravel":35,"minecraft:iron_nugget":15,"minecraft:cobbled_deepslate":24,"minecraft:birch_sapling":5,"minecraft:obsidian":15,"minecraft:rotten_flesh":35,"minecraft:oak_planks":1,"cobblemon:black_apricorn":50,"minecraft:carrot":1,"patchouli:guide_book":2,"minecraft:poppy":2,"minecraft:rabbit_hide":1,"minecraft:leather_chestplate":1,"minecraft:melon_seeds":1,"minecraft:azalea":1,"minecraft:birch_button":3,"minecraft:arrow":1,"minecraft:glass":40,"minecraft:enchanting_table":1,"minecraft:egg":2,"minecraft:bread":43,"minecraft:iron_ingot":12,"minecraft:vine":1,"minecraft:wheat_seeds":99,"minecraft:feather":2,"minecraft:oak_fence":2,"minecraft:cobblestone":224,"minecraft:spruce_door":1,"minecraft:acacia_log":1,"minecraft:stick":23,"minecraft:torch":3,"minecraft:wooden_hoe":1,"cobblemon:payapa_berry":1,"minecraft:rabbit":1,"minecraft:melon_slice":26,"minecraft:iron_leggings":2,"minecraft:iron_axe":3,"minecraft:orange_bed":2,"minecraft:iron_shovel":4,"cobblemon:leaf_stone":2,"minecraft:string":6,"minecraft:moss_carpet":3,"cobblemon:black_augurite":1,"minecraft:coarse_dirt":1,"minecraft:raw_copper":18,"minecraft:light_gray_terracotta":46,"minecraft:tuff":1,"minecraft:chicken":4,"cobblemon:yellow_apricorn":66,"minecraft:clay_ball":60,"minecraft:stone_slab":8,"minecraft:lightning_rod":1,"minecraft:flint_and_steel":1,"minecraft:diamond_sword":5,"minecraft:stone":16,"minecraft:iron_chestplate":1,"minecraft:diamond_pickaxe":2,"minecraft:oak_sapling":6,"minecraft:spider_eye":2},"minecraft:custom":{"minecraft:animals_bred":2,"minecraft:open_barrel":42,"minecraft:interact_with_crafting_table":161,"minecraft:leave_game":4,"minecraft:time_since_death":393267,"minecraft:sprint_one_cm":2163919,"minecraft:damage_blocked_by_shield":4275,"minecraft:drop":299,"minecraft:talked_to_villager":4,"minecraft:play_time":995528,"minecraft:deaths":4,"minecraft:jump":16007,"minecraft:walk_on_water_one_cm":34860,"minecraft:interact_with_furnace":87,"minecraft:sleep_in_bed":91,"minecraft:damage_dealt":17960,"minecraft:crouch_one_cm":141549,"minecraft:interact_with_smoker":20,"minecraft:horse_one_cm":180,"minecraft:mob_kills":103,"minecraft:climb_one_cm":5813,"minecraft:walk_one_cm":1918368,"minecraft:sneak_time":38036,"minecraft:walk_under_water_one_cm":3509,"minecraft:boat_one_cm":68445,"minecraft:interact_with_blast_furnace":25,"minecraft:total_world_time":995528,"minecraft:pot_flower":3,"minecraft:time_since_rest":55615,"minecraft:damage_taken":6454,"minecraft:swim_one_cm":10894,"minecraft:fly_one_cm":3896659,"minecraft:open_chest":211,"minecraft:fall_one_cm":384323},"minecraft:crafted":{"minecraft:brick":11,"minecraft:oak_planks":500,"minecraft:barrel":6,"minecraft:cooked_chicken":5,"minecraft:birch_boat":1,"minecraft:lightning_rod":2,"minecraft:birch_slab":114,"minecraft:stone":16,"minecraft:cooked_mutton":3,"minecraft:glass":13,"minecraft:diamond_helmet":1,"minecraft:iron_boots":3,"minecraft:chest":10,"minecraft:iron_door":3,"minecraft:birch_button":4,"minecraft:oak_fence":12,"minecraft:flower_pot":3,"minecraft:oak_slab":60,"minecraft:cooked_porkchop":6,"minecraft:crafting_table":5,"minecraft:spruce_planks":196,"minecraft:wooden_pickaxe":1,"minecraft:iron_helmet":8,"minecraft:spruce_door":6,"minecraft:birch_planks":464,"minecraft:spruce_trapdoor":30,"minecraft:charcoal":4,"minecraft:iron_chestplate":3,"minecraft:diamond_pickaxe":2,"minecraft:shield":2,"minecraft:birch_fence":6,"minecraft:stick":24,"minecraft:iron_ingot":42,"minecraft:iron_pickaxe":3,"minecraft:gold_ingot":69,"minecraft:composter":2,"minecraft:birch_stairs":52,"minecraft:shears":2,"cobblemon:exp_share":6,"minecraft:iron_nugget":72,"minecraft:furnace":1,"minecraft:bone_meal":6,"minecraft:glass_pane":96,"minecraft:flint_and_steel":1,"minecraft:lantern":9,"minecraft:dark_oak_fence":12,"minecraft:iron_axe":4,"minecraft:spruce_slab":18,"minecraft:golden_helmet":2,"minecraft:cooked_beef":10,"minecraft:diamond_sword":1,"minecraft:iron_sword":1,"minecraft:bucket":1,"minecraft:bread":38,"minecraft:oak_boat":1,"minecraft:oak_stairs":64,"minecraft:wooden_axe":3,"minecraft:iron_shovel":7,"minecraft:iron_leggings":3,"minecraft:white_bed":2,"minecraft:acacia_planks":20,"minecraft:torch":168,"cobblemon:ultra_ball":16,"minecraft:diamond_chestplate":1},"minecraft:mined":{"minecraft:large_amethyst_bud":1,"minecraft:white_bed":33,"cobblemon:apricorn_log":2,"minecraft:obsidian":59,"minecraft:spruce_trapdoor":15,"minecraft:cave_vines_plant":2,"minecraft:granite":32,"minecraft:acacia_log":12,"minecraft:grass_block":479,"minecraft:iron_ore":34,"minecraft:cobbled_deepslate":21,"minecraft:moss_carpet":1,"minecraft:enchanting_table":1,"minecraft:cave_vines":1,"minecraft:dirt_path":8,"minecraft:oak_stairs":18,"minecraft:pink_tulip":1,"minecraft:azalea":1,"minecraft:spruce_slab":3,"minecraft:orange_bed":12,"minecraft:cyan_terracotta":28,"minecraft:melon_stem":3,"minecraft:amethyst_cluster":1,"minecraft:torch":2,"minecraft:clay":45,"cobblemon:apricorn_leaves":10,"minecraft:light_gray_terracotta":68,"minecraft:poppy":1,"minecraft:chest":6,"minecraft:glass":1,"minecraft:cobblestone":44,"minecraft:oak_planks":206,"minecraft:wall_torch":12,"minecraft:amethyst_block":2,"minecraft:birch_log":124,"cobblemon:deepslate_leaf_stone_ore":1,"minecraft:wheat":69,"minecraft:orange_tulip":8,"minecraft:grass":46,"minecraft:oak_log":151,"minecraft:acacia_fence":2,"minecraft:sand":97,"minecraft:dirt":570,"minecraft:oak_leaves":270,"minecraft:deepslate":199,"minecraft:tuff":1,"minecraft:dark_oak_leaves":1,"minecraft:deepslate_diamond_ore":14,"minecraft:dark_oak_log":5,"minecraft:glow_lichen":3,"minecraft:allium":1,"minecraft:birch_slab":15,"minecraft:spruce_leaves":5,"minecraft:moss_block":8,"minecraft:sandstone":13,"minecraft:large_fern":5,"minecraft:acacia_wood":1,"minecraft:stripped_spruce_log":3,"minecraft:peony":1,"minecraft:deepslate_iron_ore":11,"minecraft:lantern":2,"minecraft:stripped_oak_log":21,"minecraft:stone":643,"minecraft:bone_block":2,"minecraft:white_wool":1,"minecraft:birch_stairs":6,"minecraft:oak_slab":2,"minecraft:acacia_leaves":1,"minecraft:glass_pane":9,"minecraft:basalt":4,"minecraft:spruce_door":9,"minecraft:crafting_table":8,"minecraft:stone_slab":9,"minecraft:lightning_rod":5,"minecraft:tall_grass":7,"minecraft:copper_ore":6,"minecraft:birch_planks":230,"minecraft:coarse_dirt":65,"minecraft:spruce_log":193,"minecraft:birch_leaves":20,"minecraft:coal_ore":60,"minecraft:flower_pot":1,"minecraft:gravel":44,"minecraft:acacia_planks":2,"minecraft:fern":6},"minecraft:broken":{"minecraft:iron_shovel":4,"minecraft:shears":1,"minecraft:iron_boots":1,"minecraft:wooden_axe":1,"minecraft:shield":1,"minecraft:iron_axe":4,"minecraft:iron_pickaxe":3},"minecraft:killed":{"minecraft:spider":13,"minecraft:skeleton":16,"minecraft:chicken":3,"minecraft:zombie_villager":2,"minecraft:iron_golem":1,"minecraft:creeper":4,"minecraft:zombie":45,"minecraft:cow":6,"cobblemon:pokemon":10},"minecraft:killed_by":{"minecraft:creeper":2,"minecraft:skeleton":1},"minecraft:picked_up":{"minecraft:wooden_axe":2,"minecraft:iron_chestplate":3,"cobblemon:leaf_stone":1,"minecraft:wheat":86,"minecraft:flower_pot":1,"minecraft:stone_slab":8,"minecraft:diamond_sword":7,"minecraft:oak_stairs":18,"minecraft:acacia_pressure_plate":1,"minecraft:birch_button":1,"minecraft:amethyst_block":2,"minecraft:string":12,"minecraft:raw_copper":22,"minecraft:iron_leggings":4,"minecraft:cobbled_deepslate":284,"minecraft:bucket":1,"minecraft:azalea":5,"minecraft:iron_pickaxe":6,"minecraft:melon_slice":57,"minecraft:iron_boots":1,"minecraft:stick":110,"minecraft:acacia_fence":2,"minecraft:torch":20,"minecraft:acacia_log":13,"minecraft:porkchop":3,"minecraft:lightning_rod":6,"minecraft:vine":3,"minecraft:orange_bed":20,"minecraft:rotten_flesh":37,"minecraft:cyan_terracotta":29,"minecraft:obsidian":63,"minecraft:snowball":1,"minecraft:cobblestone":792,"minecraft:enchanting_table":1,"minecraft:birch_log":117,"minecraft:leather_chestplate":1,"minecraft:feather":56,"cobblemon:ultra_ball":170,"minecraft:birch_slab":23,"minecraft:brown_wool":2,"minecraft:flint":14,"minecraft:tuff":21,"minecraft:stripped_spruce_wood":1,"minecraft:lantern":2,"minecraft:lapis_lazuli":12,"minecraft:dirt":1204,"minecraft:name_tag":1,"minecraft:glass":84,"minecraft:bone":46,"minecraft:acacia_planks":2,"minecraft:orange_tulip":13,"minecraft:bow":2,"minecraft:wheat_seeds":159,"cobblemon:black_apricorn":17,"minecraft:raw_gold":34,"minecraft:rabbit":3,"minecraft:diamond_helmet":1,"minecraft:moss_block":16,"minecraft:oak_planks":282,"minecraft:cooked_porkchop":1,"patchouli:guide_book":3,"minecraft:sand":97,"minecraft:stripped_spruce_log":3,"minecraft:dark_oak_log":11,"minecraft:light_gray_terracotta":46,"minecraft:diamond":74,"minecraft:granite":85,"minecraft:chainmail_helmet":1,"minecraft:bread":158,"minecraft:oak_sapling":8,"minecraft:netherrack":38,"minecraft:oak_leaves":338,"minecraft:diamond_pickaxe":4,"minecraft:charcoal":2,"minecraft:crafting_table":10,"minecraft:coarse_dirt":63,"minecraft:chicken":8,"minecraft:clay_ball":75,"cobblemon:yellow_apricorn":12,"minecraft:shield":2,"minecraft:moss_carpet":10,"minecraft:iron_axe":4,"minecraft:iron_shovel":5,"minecraft:beef":13,"minecraft:oak_boat":2,"minecraft:iron_nugget":15,"minecraft:poppy":3,"minecraft:spruce_slab":5,"minecraft:chest":6,"minecraft:birch_sapling":7,"minecraft:spruce_trapdoor":15,"minecraft:egg":52,"minecraft:raw_iron":58,"minecraft:sandstone":13,"minecraft:carrot":3,"minecraft:arrow":30,"minecraft:diamond_chestplate":1,"minecraft:peony":1,"minecraft:shears":1,"minecraft:pink_tulip":1,"cobblemon:black_augurite":1,"minecraft:gold_ingot":19,"minecraft:glow_berries":1,"minecraft:mutton":5,"minecraft:white_wool":13,"minecraft:bone_block":6,"minecraft:stripped_oak_log":21,"minecraft:air":0,"minecraft:basalt":4,"minecraft:leather":10,"minecraft:acacia_wood":1,"minecraft:birch_planks":944,"minecraft:oak_log":155,"minecraft:gunpowder":12,"minecraft:wooden_hoe":1,"minecraft:cooked_mutton":9,"minecraft:apple":1,"minecraft:rabbit_hide":1,"minecraft:iron_ingot":18,"minecraft:cooked_chicken":29,"minecraft:acacia_sapling":1,"minecraft:flowering_azalea":2,"minecraft:iron_sword":1,"minecraft:oak_slab":4,"minecraft:birch_boat":5,"cobblemon:payapa_berry":3,"cobblemon:black_apricorn_seed":3,"minecraft:gravel":43,"minecraft:birch_stairs":6,"cobblemon:yellow_apricorn_seed":3,"minecraft:amethyst_shard":98,"minecraft:spruce_sapling":2,"minecraft:white_bed":36,"minecraft:spruce_log":203,"minecraft:spruce_door":12,"minecraft:spider_eye":2,"minecraft:chainmail_leggings":1,"minecraft:iron_helmet":1,"minecraft:melon_seeds":2,"minecraft:coal":254}},"DataVersion":3465}