{"stats":{"minecraft:used":{"minecraft:moss_block":18,"megamons:anistarite_rough_geode_block":1,"minecraft:chest":4,"minecraft:shield":52,"minecraft:rotten_flesh":3,"minecraft:iron_chestplate":5,"minecraft:mutton":7,"minecraft:nether_bricks":1,"minecraft:tuff":4,"minecraft:obsidian":10,"minecraft:spruce_boat":10,"minecraft:birch_sapling":2,"minecraft:deepslate_diamond_ore":2,"minecraft:bow":16,"minecraft:sweet_berries":83,"minecraft:furnace":8,"minecraft:egg":7,"minecraft:diamond_boots":1,"minecraft:cactus":7,"minecraft:stone_pickaxe":258,"minecraft:blackstone":13,"minecraft:wooden_pickaxe":4,"minecraft:diamond_axe":33,"minecraft:white_wool":1,"minecraft:glow_berries":11,"cobblemon:yellow_apricorn_seed":12,"minecraft:shears":376,"minecraft:bread":1,"minecraft:brown_wool":2,"minecraft:diamond_sword":809,"minecraft:wooden_sword":11,"cobblemon:red_apricorn_seed":95,"minecraft:andesite":42,"minecraft:bone_meal":171,"minecraft:azalea":4,"minecraft:oak_fence":3,"minecraft:flint_and_steel":1,"minecraft:cooked_salmon":9,"minecraft:wooden_shovel":44,"minecraft:cooked_chicken":3,"minecraft:netherrack":174,"minecraft:torch":314,"minecraft:dirt":100,"minecraft:diamond_helmet":3,"minecraft:iron_hoe":28,"minecraft:flowering_azalea":1,"minecraft:iron_axe":143,"minecraft:iron_boots":3,"cobblemon:pc":7,"minecraft:diamond_chestplate":1,"minecraft:basalt":18,"minecraft:beef":13,"minecraft:cooked_beef":105,"minecraft:cobbled_deepslate":36,"minecraft:enchanted_golden_apple":2,"minecraft:iron_leggings":2,"minecraft:cooked_mutton":32,"minecraft:water_bucket":19,"minecraft:birch_planks":8,"minecraft:birch_boat":10,"cobblemon:vivichoke_seeds":50,"minecraft:crafting_table":8,"cobblemon:black_apricorn_seed":29,"minecraft:white_bed":5,"minecraft:cod":1,"cobblemon:white_apricorn_seed":4,"cobblemon:healing_machine":1,"minecraft:warped_planks":92,"minecraft:smoker":1,"cobblemon:apricorn_leaves":368,"minecraft:apple":2,"minecraft:diamond_pickaxe":674,"minecraft:sunflower":1,"minecraft:chicken":2,"minecraft:iron_pickaxe":82,"minecraft:stone_slab":1,"minecraft:spruce_sapling":1,"minecraft:stone_axe":128,"minecraft:fishing_rod":9,"minecraft:cobblestone":62,"minecraft:porkchop":9,"minecraft:cooked_porkchop":4,"minecraft:bucket":21,"minecraft:diamond_leggings":2,"cobblemon:blue_apricorn_seed":10},"minecraft:dropped":{"minecraft:moss_block":2,"minecraft:cooked_beef":27,"minecraft:sheaf_pottery_sherd":3,"minecraft:dirt":28,"cobblemon:razz_berry":5,"minecraft:sunflower":10,"minecraft:sand":2,"minecraft:white_wool":1,"cobblemon:ultra_ball":19,"minecraft:bone":5,"minecraft:stone_axe":1,"minecraft:cobbled_deepslate":3,"minecraft:birch_sapling":1,"minecraft:rotten_flesh":65,"cobblemon:chesto_berry":6,"cobblemon:bluk_berry":24,"minecraft:gunpowder":6,"minecraft:jungle_log":2,"minecraft:leather_leggings":1,"minecraft:snort_pottery_sherd":3,"minecraft:beef":3,"minecraft:birch_leaves":4,"minecraft:shelter_pottery_sherd":3,"minecraft:wheat_seeds":14,"minecraft:iron_helmet":1,"minecraft:feather":2,"minecraft:cobblestone":2,"minecraft:copper_ingot":2,"cobblemon:kebia_berry":4,"minecraft:acacia_log":2,"cobblemon:chilan_berry":5,"cobblemon:oran_berry":3,"cobblemon:payapa_berry":1,"minecraft:iron_leggings":1,"minecraft:flowering_azalea":2,"minecraft:angler_pottery_sherd":2,"minecraft:string":4,"minecraft:moss_carpet":1,"cobblemon:wepear_berry":7,"minecraft:raw_copper":17,"minecraft:iron_boots":1,"minecraft:big_dripleaf":2,"cobblemon:apricorn_leaves":3,"minecraft:iron_chestplate":1,"minecraft:golden_leggings":1,"minecraft:wooden_shovel":1,"minecraft:spider_eye":4,"minecraft:bow":1,"minecraft:stone_pickaxe":1,"minecraft:wooden_pickaxe":1},"minecraft:custom":{"minecraft:interact_with_crafting_table":64,"minecraft:open_barrel":12,"minecraft:leave_game":10,"minecraft:time_since_death":381312,"minecraft:damage_resisted":185,"minecraft:sprint_one_cm":2452729,"minecraft:damage_blocked_by_shield":2865,"minecraft:drop":141,"minecraft:talked_to_villager":3,"minecraft:play_time":859738,"minecraft:deaths":12,"minecraft:jump":22465,"minecraft:walk_on_water_one_cm":72108,"minecraft:interact_with_furnace":144,"minecraft:sleep_in_bed":22,"minecraft:damage_dealt":66700,"minecraft:crouch_one_cm":171628,"minecraft:interact_with_smoker":8,"minecraft:mob_kills":418,"minecraft:interact_with_campfire":1,"minecraft:climb_one_cm":8188,"minecraft:walk_one_cm":2223433,"minecraft:sneak_time":50143,"minecraft:walk_under_water_one_cm":62490,"minecraft:boat_one_cm":36948,"minecraft:total_world_time":859738,"minecraft:interact_with_stonecutter":2,"minecraft:time_since_rest":84643,"minecraft:damage_taken":12151,"minecraft:damage_absorbed":316,"minecraft:swim_one_cm":245611,"minecraft:fly_one_cm":5558314,"minecraft:open_chest":284,"minecraft:fish_caught":1,"minecraft:fall_one_cm":581942},"minecraft:crafted":{"minecraft:oak_planks":24,"minecraft:smooth_stone":2,"minecraft:birch_boat":2,"minecraft:cooked_chicken":3,"cobblemon:slate_ball":8,"cobblemon:apricorn_planks":20,"minecraft:stone":2,"minecraft:cooked_mutton":31,"minecraft:warped_planks":256,"minecraft:glass":5,"minecraft:diamond_helmet":2,"minecraft:diamond_leggings":1,"minecraft:iron_boots":1,"minecraft:chest":4,"cobblemon:azure_ball":16,"minecraft:wooden_shovel":1,"minecraft:cooked_porkchop":4,"minecraft:crafting_table":5,"minecraft:spruce_planks":100,"minecraft:iron_helmet":3,"minecraft:wooden_pickaxe":1,"megamons:key_stone":1,"minecraft:copper_ingot":77,"minecraft:birch_planks":32,"cobblemon:vivichoke_seeds":48,"cobblemon:poke_ball":180,"minecraft:iron_chestplate":1,"minecraft:diamond_pickaxe":1,"minecraft:shield":1,"minecraft:stick":148,"minecraft:iron_ingot":86,"minecraft:iron_pickaxe":2,"minecraft:gold_ingot":37,"minecraft:shears":4,"cobblemon:exp_share":2,"minecraft:wooden_sword":1,"minecraft:fishing_rod":1,"minecraft:furnace":2,"minecraft:bone_meal":225,"cobblemon:premier_ball":16,"minecraft:flint_and_steel":1,"minecraft:iron_axe":1,"megamons:mega_cuff":1,"minecraft:iron_hoe":1,"minecraft:stone_pickaxe":4,"minecraft:diamond_boots":1,"minecraft:spruce_boat":1,"minecraft:wheat":45,"minecraft:cooked_beef":60,"minecraft:diamond_sword":1,"cobblemon:pc":1,"minecraft:cooked_salmon":9,"minecraft:bucket":1,"minecraft:stone_axe":2,"minecraft:air":0,"minecraft:iron_leggings":1,"minecraft:white_bed":1,"minecraft:torch":192,"cobblemon:ultra_ball":40,"minecraft:diamond_chestplate":1},"minecraft:mined":{"minecraft:large_amethyst_bud":1,"minecraft:spruce_planks":2,"minecraft:white_bed":4,"cobblemon:pc":5,"cobblemon:apricorn_log":5,"minecraft:obsidian":8,"minecraft:grass_block":53,"minecraft:nether_wart":20,"minecraft:tall_seagrass":2,"minecraft:iron_ore":56,"minecraft:cobbled_deepslate":1,"minecraft:fire":5,"cobblemon:red_apricorn":2,"cobblemon:white_apricorn_sapling":1,"cobblemon:vivichoke_seeds":24,"cobblemon:yellow_apricorn":1,"megamons:crystal_ice_stone_ore":1,"minecraft:azalea":3,"megamons:anistarite_geode_block":33,"minecraft:blackstone":13,"minecraft:smoker":1,"cobblemon:revival_herb":24,"minecraft:soul_fire":4,"minecraft:amethyst_cluster":3,"megamons:kangaskhanite_crystal_ore":1,"minecraft:torch":25,"minecraft:clay":7,"megamons:banettite_crystal_ore":1,"cobblemon:apricorn_leaves":377,"minecraft:nether_quartz_ore":8,"minecraft:cobblestone":2,"megamons:crystal_moon_stone_ore":2,"minecraft:wall_torch":11,"minecraft:warped_planks":16,"minecraft:birch_log":8,"cobblemon:dusk_stone_ore":1,"minecraft:grass":104,"minecraft:oak_log":6,"cobblemon:thunder_stone_ore":2,"minecraft:sand":5,"minecraft:dirt":50,"minecraft:netherrack":284,"minecraft:oak_leaves":2,"minecraft:deepslate":82,"minecraft:diamond_ore":1,"minecraft:tuff":5,"minecraft:deepslate_diamond_ore":111,"cobblemon:moon_stone_ore":1,"minecraft:glow_lichen":1,"minecraft:decorated_pot":2,"megamons:crystal_water_stone_ore":4,"minecraft:moss_block":4,"minecraft:large_fern":7,"minecraft:hay_block":16,"cobblemon:blue_apricorn":1,"minecraft:furnace":6,"cobblemon:black_apricorn":4,"minecraft:andesite":53,"minecraft:gold_block":1,"minecraft:big_dripleaf_stem":1,"minecraft:deepslate_iron_ore":31,"minecraft:vine":4,"cobblemon:nether_fire_stone_ore":1,"minecraft:stone":100,"megamons:crystal_thunder_stone_ore":1,"megamons:crystal_leaf_stone_ore":1,"megamons:anistarite_rough_geode_block":6,"minecraft:flowering_azalea":1,"minecraft:soul_sand":10,"minecraft:basalt":14,"minecraft:crafting_table":3,"minecraft:stone_slab":1,"minecraft:tall_grass":33,"minecraft:copper_ore":18,"minecraft:lapis_ore":3,"minecraft:deepslate_gold_ore":29,"minecraft:birch_planks":6,"minecraft:sweet_berry_bush":29,"minecraft:spruce_log":25,"minecraft:birch_leaves":17,"megamons:crystal_dawn_stone_ore":1,"minecraft:coal_ore":82,"megamons:crystal_sun_stone_ore":1,"minecraft:sunflower":3,"cobblemon:blue_apricorn_sapling":3,"minecraft:stone_bricks":2,"minecraft:small_dripleaf":1,"minecraft:gold_ore":8,"minecraft:fern":16},"minecraft:broken":{"minecraft:diamond_helmet":1,"minecraft:shears":1,"minecraft:stone_axe":1,"minecraft:shield":1,"minecraft:iron_axe":1},"minecraft:killed":{"minecraft:cave_spider":1,"minecraft:spider":36,"minecraft:skeleton":52,"minecraft:magma_cube":38,"minecraft:pig":7,"minecraft:zombie_villager":2,"minecraft:salmon":6,"minecraft:creeper":15,"minecraft:sheep":23,"minecraft:pillager":2,"minecraft:zombie":145,"minecraft:ghast":1,"minecraft:cow":37,"minecraft:blaze":7,"minecraft:vindicator":1,"minecraft:slime":15,"minecraft:phantom":9,"minecraft:drowned":2,"cobblemon:pokemon":4,"minecraft:wither_skeleton":1},"minecraft:killed_by":{"minecraft:zombified_piglin":1,"minecraft:creeper":2,"minecraft:zombie":2,"minecraft:spider":1,"minecraft:skeleton":4},"minecraft:picked_up":{"cobblemon:leaf_stone":1,"minecraft:iron_chestplate":4,"minecraft:stone_slab":1,"cobblemon:red_apricorn":185,"minecraft:diamond_sword":3,"cobblemon:wepear_berry":9,"minecraft:string":33,"minecraft:raw_copper":64,"minecraft:iron_leggings":2,"minecraft:diamond_leggings":5,"minecraft:cobbled_deepslate":103,"cobblemon:white_apricorn_seed":3,"minecraft:spruce_planks":2,"cobblemon:oran_berry":21,"minecraft:azalea":4,"minecraft:iron_pickaxe":5,"minecraft:enchanted_golden_apple":3,"minecraft:iron_boots":2,"minecraft:furnace":8,"cobblemon:apricorn_log":5,"minecraft:stick":89,"minecraft:sheaf_pottery_sherd":3,"cobblemon:pc":5,"minecraft:big_dripleaf":2,"minecraft:oak_fence":3,"minecraft:torch":195,"minecraft:acacia_log":2,"minecraft:porkchop":13,"minecraft:warped_planks":406,"minecraft:honey_bottle":3,"minecraft:cactus":7,"minecraft:rotten_flesh":103,"minecraft:blaze_rod":9,"minecraft:obsidian":12,"minecraft:cod":1,"minecraft:cobblestone":145,"minecraft:birch_log":8,"minecraft:cooked_beef":122,"minecraft:feather":5,"cobblemon:ultra_ball":251,"minecraft:magma_cream":2,"minecraft:water_bucket":2,"minecraft:andesite":90,"minecraft:jungle_log":6,"minecraft:golden_leggings":1,"minecraft:brown_wool":2,"megamons:raw_kangaskhanite":1,"minecraft:potato":1,"minecraft:smoker":1,"cobblemon:metal_coat":2,"cobblemon:razz_berry":5,"minecraft:tuff":5,"minecraft:flint":15,"cobblemon:bluk_berry":24,"minecraft:lapis_lazuli":23,"megamons:anistarite_geode_block":33,"minecraft:dirt":130,"minecraft:name_tag":1,"minecraft:bone":42,"minecraft:bow":4,"minecraft:wheat_seeds":29,"cobblemon:black_apricorn":31,"minecraft:raw_gold":46,"cobblemon:thunder_stone":3,"minecraft:diamond_helmet":5,"cobblemon:moon_stone":5,"minecraft:moss_block":20,"minecraft:honeycomb":1,"cobblemon:sun_stone":1,"cobblemon:fire_stone":1,"minecraft:sand":7,"cobblemon:vivichoke":24,"megamons:anistarite_rough_geode_block":6,"cobblemon:exp_candy_l":56,"minecraft:iron_hoe":3,"minecraft:light_gray_terracotta":8,"minecraft:spruce_boat":16,"minecraft:angler_pottery_sherd":2,"minecraft:diamond":113,"cobblemon:poke_ball":198,"minecraft:bone_meal":1,"cobblemon:rindo_berry":1,"minecraft:golden_apple":2,"cobblemon:ice_stone":1,"minecraft:emerald":1,"cobblemon:hard_stone":2,"cobblemon:chesto_berry":7,"minecraft:netherrack":281,"cobblemon:apricorn_leaves":367,"minecraft:diamond_pickaxe":6,"minecraft:fishing_rod":1,"minecraft:shelter_pottery_sherd":3,"minecraft:crafting_table":4,"megamons:raw_banettite":1,"minecraft:chicken":8,"minecraft:nether_wart":59,"minecraft:clay_ball":134,"minecraft:leather_leggings":1,"cobblemon:yellow_apricorn":20,"minecraft:shield":2,"cobblemon:revival_herb":96,"minecraft:moss_carpet":1,"minecraft:iron_axe":4,"minecraft:flint_and_steel":1,"cobblemon:white_apricorn":37,"minecraft:blackstone":13,"minecraft:beef":73,"cobblemon:dusk_stone":1,"cobblemon:pep_up_flower":35,"minecraft:birch_sapling":4,"minecraft:phantom_membrane":3,"minecraft:egg":7,"minecraft:raw_iron":93,"minecraft:copper_ingot":2,"cobblemon:dawn_stone":1,"minecraft:arrow":98,"minecraft:diamond_chestplate":5,"cobblemon:everstone":1,"minecraft:shears":1,"minecraft:diamond_boots":5,"minecraft:hay_block":17,"cobblemon:black_augurite":1,"minecraft:gold_ingot":3,"minecraft:glow_berries":5,"minecraft:mutton":41,"cobblemon:blue_apricorn":36,"minecraft:white_wool":29,"minecraft:birch_leaves":4,"minecraft:basalt":14,"minecraft:glow_ink_sac":4,"minecraft:salmon":9,"minecraft:leather":44,"cobblemon:malicious_armor":2,"cobblemon:kebia_berry":4,"minecraft:birch_planks":22,"cobblemon:slate_ball":6,"minecraft:oak_log":6,"minecraft:gunpowder":20,"minecraft:cooked_mutton":9,"minecraft:apple":2,"minecraft:stone_bricks":2,"minecraft:iron_ingot":35,"minecraft:stone_pickaxe":12,"minecraft:soul_sand":20,"minecraft:flowering_azalea":3,"cobblemon:chilan_berry":5,"cobblemon:red_apricorn_seed":14,"cobblemon:azure_ball":2,"minecraft:birch_boat":10,"minecraft:sweet_berries":162,"cobblemon:payapa_berry":1,"cobblemon:black_apricorn_seed":3,"minecraft:quartz":8,"cobblemon:blue_apricorn_seed":9,"cobblemon:premier_ball":5,"cobblemon:yellow_apricorn_seed":3,"minecraft:amethyst_shard":20,"minecraft:spruce_sapling":1,"minecraft:white_bed":4,"minecraft:spruce_log":25,"minecraft:spider_eye":10,"minecraft:slime_ball":14,"minecraft:snort_pottery_sherd":3,"minecraft:stone_axe":3,"minecraft:rib_armor_trim_smithing_template":1,"minecraft:iron_helmet":2,"minecraft:diamond_axe":2,"cobblemon:water_stone":4,"minecraft:coal":133,"minecraft:sunflower":11}},"DataVersion":3465}