{"stats":{"minecraft:used":{"minecraft:flint_and_steel":29,"minecraft:shield":25,"minecraft:iron_sword":256,"minecraft:rotten_flesh":2,"minecraft:iron_chestplate":1,"minecraft:torch":36,"minecraft:mutton":6,"minecraft:carrot":1,"minecraft:stone_brick_slab":1,"minecraft:iron_axe":27,"minecraft:iron_helmet":1,"minecraft:iron_boots":1,"minecraft:item_frame":2,"minecraft:beef":10,"minecraft:sweet_berries":6,"minecraft:furnace":5,"minecraft:egg":7,"minecraft:cooked_beef":10,"minecraft:cobbled_deepslate":11,"minecraft:iron_leggings":1,"minecraft:cooked_mutton":10,"minecraft:rabbit":3,"minecraft:birch_planks":30,"minecraft:stone_pickaxe":205,"minecraft:oak_planks":22,"minecraft:wooden_pickaxe":7,"minecraft:crafting_table":12,"minecraft:white_bed":8,"minecraft:campfire":1,"megamons:anistarite_geode_block":4,"minecraft:small_amethyst_bud":1,"minecraft:apple":1,"minecraft:chicken":4,"minecraft:bread":4,"cobblemon:apricorn_button":2,"minecraft:iron_pickaxe":258,"minecraft:gravel":7,"minecraft:stone_axe":94,"minecraft:cobblestone":168,"minecraft:porkchop":3,"minecraft:cooked_porkchop":12,"minecraft:andesite":9},"minecraft:dropped":{"cobblemon:pinap_berry":5,"minecraft:wheat_seeds":1,"minecraft:lapis_lazuli":72,"minecraft:mossy_cobblestone":3,"minecraft:feather":1,"minecraft:leather":13,"minecraft:flint":2,"cobblemon:medicinal_leek":4,"minecraft:brown_wool":2,"minecraft:iron_pickaxe":1,"minecraft:string":1,"minecraft:white_wool":4,"minecraft:dandelion":1,"minecraft:redstone":22,"minecraft:bone":9,"minecraft:gravel":2,"cobblemon:wepear_berry":9,"minecraft:cobbled_deepslate":25,"cobblemon:cheri_berry":2,"minecraft:rotten_flesh":1,"minecraft:clay_ball":1,"minecraft:cooked_mutton":1,"megamons:anistarite_geode_block":1,"megamons:anistarite_rough_geode_block":3,"minecraft:gunpowder":2,"minecraft:charcoal":2,"minecraft:andesite":8,"cobblemon:apricorn_button":3,"minecraft:spider_eye":3,"minecraft:arrow":2,"minecraft:wooden_pickaxe":1,"minecraft:black_wool":1},"minecraft:custom":{"minecraft:mob_kills":79,"minecraft:interact_with_crafting_table":36,"minecraft:interact_with_campfire":6,"minecraft:bell_ring":4,"minecraft:leave_game":5,"minecraft:time_since_death":160242,"minecraft:climb_one_cm":835,"minecraft:sprint_one_cm":482965,"minecraft:walk_one_cm":392001,"minecraft:damage_blocked_by_shield":2880,"minecraft:drop":67,"minecraft:talked_to_villager":4,"minecraft:play_time":171480,"minecraft:deaths":1,"minecraft:sneak_time":18460,"minecraft:walk_under_water_one_cm":6335,"minecraft:jump":4702,"minecraft:walk_on_water_one_cm":10582,"minecraft:total_world_time":171480,"minecraft:interact_with_furnace":65,"minecraft:interact_with_stonecutter":2,"minecraft:sleep_in_bed":11,"minecraft:time_since_rest":62896,"minecraft:damage_taken":2788,"minecraft:damage_dealt":14673,"minecraft:swim_one_cm":13111,"minecraft:fly_one_cm":863266,"minecraft:open_chest":65,"minecraft:crouch_one_cm":92841,"minecraft:fall_one_cm":128806},"minecraft:crafted":{"minecraft:oak_planks":124,"minecraft:birch_wood":3,"minecraft:furnace":1,"minecraft:cooked_mutton":9,"minecraft:flint_and_steel":1,"minecraft:iron_boots":1,"minecraft:iron_axe":1,"minecraft:stone_pickaxe":2,"minecraft:dark_oak_planks":24,"minecraft:cooked_porkchop":5,"minecraft:crafting_table":1,"minecraft:wooden_pickaxe":1,"minecraft:iron_helmet":1,"minecraft:iron_sword":2,"minecraft:birch_planks":32,"minecraft:campfire":1,"minecraft:stone_axe":1,"minecraft:air":0,"cobblemon:apricorn_button":1,"minecraft:iron_chestplate":1,"minecraft:shield":1,"minecraft:stick":32,"minecraft:iron_ingot":66,"minecraft:iron_pickaxe":3,"cobblemon:fast_ball":12,"minecraft:iron_leggings":1,"minecraft:white_bed":1,"minecraft:torch":36,"cobblemon:net_ball":8},"minecraft:mined":{"minecraft:white_bed":7,"minecraft:mossy_cobblestone":1,"minecraft:dark_oak_leaves":2,"minecraft:deepslate_diamond_ore":6,"minecraft:dark_oak_log":6,"cobblemon:apricorn_button":1,"cobblemon:cheri_berry":3,"minecraft:grass_block":1,"minecraft:spruce_leaves":1,"minecraft:large_fern":1,"minecraft:redstone_ore":4,"minecraft:furnace":4,"minecraft:iron_ore":66,"minecraft:fire":24,"minecraft:andesite":24,"minecraft:deepslate_lapis_ore":2,"cobblemon:medicinal_leek":1,"minecraft:small_amethyst_bud":1,"minecraft:stripped_oak_log":7,"minecraft:stone":177,"megamons:anistarite_rough_geode_block":3,"minecraft:deepslate_redstone_ore":1,"megamons:anistarite_geode_block":5,"minecraft:stone_brick_slab":1,"minecraft:crafting_table":11,"minecraft:torch":2,"minecraft:campfire":1,"minecraft:tall_grass":15,"minecraft:copper_ore":6,"minecraft:cobblestone":5,"minecraft:lapis_ore":21,"minecraft:deepslate_gold_ore":1,"minecraft:oak_planks":2,"cobblemon:oran_berry":3,"minecraft:wall_torch":2,"minecraft:birch_planks":6,"minecraft:birch_log":15,"cobblemon:persim_berry":4,"minecraft:grass":24,"minecraft:oak_log":25,"minecraft:coal_ore":76,"cobblemon:thunder_stone_ore":1,"minecraft:gravel":14,"minecraft:dirt":1,"minecraft:cobweb":13,"minecraft:gold_ore":13,"minecraft:deepslate":46,"minecraft:fern":2},"minecraft:broken":{"minecraft:stone_pickaxe":1,"minecraft:stone_axe":1,"minecraft:iron_sword":1,"minecraft:iron_pickaxe":1},"minecraft:killed":{"minecraft:cave_spider":1,"minecraft:spider":6,"minecraft:horse":1,"minecraft:skeleton":10,"minecraft:chicken":2,"minecraft:pig":7,"cobblemon:pokemon":24,"minecraft:creeper":2,"minecraft:sheep":5,"minecraft:zombie":16,"minecraft:cow":4},"minecraft:killed_by":{"minecraft:zombie":1},"minecraft:picked_up":{"minecraft:charcoal":2,"minecraft:crafting_table":12,"minecraft:chicken":4,"minecraft:clay_ball":1,"minecraft:wooden_pickaxe":1,"minecraft:gold_block":1,"minecraft:shield":1,"cobblemon:wepear_berry":9,"minecraft:string":11,"minecraft:raw_copper":19,"minecraft:item_frame":2,"minecraft:cobbled_deepslate":36,"minecraft:beef":15,"cobblemon:oran_berry":7,"minecraft:iron_pickaxe":1,"minecraft:egg":7,"minecraft:furnace":4,"cobblemon:net_ball":1,"minecraft:stick":3,"minecraft:raw_iron":66,"minecraft:torch":4,"minecraft:porkchop":8,"minecraft:carrot":1,"minecraft:redstone":22,"minecraft:dark_oak_planks":13,"minecraft:arrow":3,"minecraft:rotten_flesh":12,"minecraft:mutton":18,"minecraft:white_wool":12,"minecraft:cobblestone":200,"minecraft:stripped_oak_log":7,"minecraft:birch_log":15,"minecraft:air":0,"minecraft:feather":5,"minecraft:cooked_beef":10,"cobblemon:ultra_ball":4,"minecraft:glow_ink_sac":7,"minecraft:andesite":26,"minecraft:brown_wool":5,"minecraft:leather":20,"cobblemon:pinap_berry":5,"minecraft:birch_planks":6,"minecraft:flint":6,"minecraft:oak_log":25,"minecraft:gunpowder":4,"megamons:anistarite_geode_block":5,"minecraft:lapis_lazuli":130,"minecraft:cooked_mutton":2,"minecraft:bone":12,"minecraft:apple":1,"minecraft:rabbit_hide":1,"cobblemon:thunder_stone":2,"minecraft:wheat_seeds":2,"minecraft:raw_gold":14,"minecraft:stone_pickaxe":1,"minecraft:rabbit":3,"minecraft:oak_planks":2,"minecraft:cooked_porkchop":7,"minecraft:sweet_berries":5,"patchouli:guide_book":2,"minecraft:stone_brick_slab":1,"cobblemon:fast_ball":12,"minecraft:dandelion":1,"minecraft:gravel":9,"cobblemon:cheri_berry":3,"cobblemon:pink_apricorn":5,"minecraft:white_bed":7,"minecraft:dark_oak_log":6,"minecraft:spider_eye":5,"minecraft:mossy_cobblestone":3,"megamons:anistarite_rough_geode_block":3,"minecraft:diamond":6,"minecraft:stone_axe":1,"minecraft:bread":4,"cobblemon:apricorn_button":4,"cobblemon:medicinal_leek":4,"minecraft:black_wool":1,"minecraft:coal":295}},"DataVersion":3465}