{"stats":{"minecraft:used":{"minecraft:iron_shovel":35,"minecraft:ladder":9,"minecraft:chest":33,"minecraft:shield":21,"cobblemon:pep_up_flower":2,"minecraft:tuff":7,"minecraft:axolotl_bucket":2,"minecraft:obsidian":12,"minecraft:honey_bottle":2,"minecraft:spruce_boat":2,"minecraft:cyan_terracotta":8,"minecraft:lava_bucket":5,"minecraft:birch_sapling":5,"minecraft:birch_button":2,"minecraft:sweet_berries":3,"minecraft:oak_sapling":1,"minecraft:furnace":16,"minecraft:acacia_fence":5,"minecraft:egg":244,"minecraft:potato":17,"minecraft:dark_oak_sapling":1,"minecraft:spruce_door":2,"minecraft:diamond_boots":1,"minecraft:stone_pickaxe":46,"minecraft:leather_chestplate":1,"minecraft:wooden_pickaxe":16,"minecraft:sandstone":1,"minecraft:sugar_cane":21,"minecraft:diamond_axe":831,"minecraft:glow_berries":31,"minecraft:sand":1,"minecraft:blast_furnace":7,"minecraft:light_gray_terracotta":6,"cobblemon:yellow_apricorn_seed":17,"minecraft:birch_fence":6,"minecraft:dark_oak_log":3,"minecraft:melon_slice":35,"minecraft:bread":60,"minecraft:diamond_sword":312,"minecraft:dark_oak_fence":13,"minecraft:andesite":48,"minecraft:coarse_dirt":5,"minecraft:bone_meal":96,"minecraft:stone_sword":13,"minecraft:enchanting_table":1,"minecraft:acacia_log":1,"minecraft:flint_and_steel":1,"minecraft:tropical_fish":3,"minecraft:spruce_planks":7,"minecraft:cooked_chicken":52,"minecraft:netherrack":26,"minecraft:orange_bed":7,"minecraft:torch":48,"minecraft:dirt":76,"minecraft:anvil":2,"minecraft:white_carpet":3,"minecraft:diamond_helmet":1,"minecraft:granite":1,"minecraft:dark_oak_planks":24,"minecraft:wooden_axe":6,"minecraft:iron_axe":69,"cobblemon:pc":2,"minecraft:diamond_chestplate":1,"minecraft:beef":1,"minecraft:soul_soil":3,"minecraft:acacia_wood":4,"minecraft:cooked_beef":11,"minecraft:cobbled_deepslate":145,"minecraft:iron_leggings":2,"minecraft:calcite":1,"minecraft:wheat_seeds":34,"minecraft:cooked_mutton":4,"minecraft:water_bucket":3,"minecraft:amethyst_block":4,"minecraft:rabbit":1,"minecraft:birch_planks":408,"minecraft:blue_wool":1,"minecraft:cobblestone_slab":10,"minecraft:crafting_table":16,"cobblemon:black_apricorn_seed":14,"minecraft:white_bed":3,"minecraft:spruce_log":56,"minecraft:smoker":5,"minecraft:acacia_stairs":2,"minecraft:diamond_pickaxe":6724,"minecraft:apple":10,"minecraft:diamond_shovel":185,"minecraft:chicken":1,"minecraft:iron_pickaxe":64,"minecraft:leather_helmet":1,"minecraft:spruce_sapling":6,"minecraft:stone_axe":100,"minecraft:cobblestone":666,"minecraft:acacia_pressure_plate":1,"minecraft:porkchop":3,"minecraft:white_banner":1,"minecraft:cooked_porkchop":1,"minecraft:bucket":11,"minecraft:diamond_leggings":1},"minecraft:dropped":{"cobblemon:pinap_berry":23,"minecraft:soul_sand":2,"minecraft:moss_block":1,"minecraft:birch_planks":708,"minecraft:diamond_axe":1,"minecraft:lapis_lazuli":6,"minecraft:glass_bottle":1,"minecraft:diamond":82,"minecraft:dark_oak_sapling":1,"cobblemon:thunder_stone":1,"minecraft:glow_berries":1,"minecraft:leather":2,"minecraft:leather_helmet":3,"minecraft:birch_slab":6,"minecraft:flint":53,"minecraft:cyan_terracotta":24,"minecraft:dirt":49,"minecraft:dark_oak_log":6,"cobblemon:white_apricorn":11,"cobblemon:pep_up_flower":3,"cobblemon:green_apricorn":14,"minecraft:bone_block":10,"minecraft:dark_oak_planks":1,"minecraft:white_wool":2,"minecraft:gold_ingot":24,"cobblemon:ultra_ball":64,"minecraft:bone":1,"minecraft:gravel":119,"minecraft:stone_axe":1,"minecraft:sugar_cane":5,"minecraft:cooked_chicken":29,"cobblemon:big_root":1,"minecraft:cobbled_deepslate":1180,"minecraft:obsidian":4,"minecraft:rotten_flesh":105,"minecraft:oak_planks":1,"minecraft:diamond_shovel":1,"cobblemon:black_apricorn":1,"minecraft:cooked_mutton":9,"patchouli:guide_book":3,"minecraft:chainmail_chestplate":1,"minecraft:poppy":2,"minecraft:rabbit_hide":1,"minecraft:leather_chestplate":3,"cobblemon:white_apricorn_seed":2,"minecraft:acacia_sapling":3,"minecraft:arrow":10,"minecraft:glass":64,"minecraft:beef":1,"minecraft:quartz":16,"minecraft:netherrack":74,"minecraft:acacia_pressure_plate":1,"minecraft:bread":28,"minecraft:vine":3,"minecraft:wheat_seeds":97,"minecraft:golden_helmet":7,"minecraft:diamond_leggings":1,"minecraft:feather":141,"cobblemon:green_apricorn_seed":1,"minecraft:cobblestone":581,"minecraft:amethyst_block":5,"minecraft:spruce_door":1,"minecraft:tropical_fish":2,"cobblemon:oran_berry":1,"cobblemon:chilan_berry":6,"minecraft:stick":10,"cobblemon:medicinal_leek":8,"cobblemon:payapa_berry":2,"minecraft:wooden_axe":3,"minecraft:melon_slice":3,"minecraft:brown_wool":2,"cobblemon:ice_stone":1,"minecraft:iron_leggings":1,"minecraft:iron_axe":1,"minecraft:iron_shovel":2,"minecraft:spruce_sapling":1,"minecraft:soul_soil":1,"cobblemon:black_augurite":1,"minecraft:stone_sword":2,"minecraft:coarse_dirt":1,"minecraft:raw_copper":50,"minecraft:light_gray_terracotta":11,"minecraft:tuff":70,"minecraft:raw_iron":1,"minecraft:clay_ball":321,"megamons:anistarite_geode_block":15,"megamons:anistarite_rough_geode_block":3,"minecraft:spruce_boat":1,"minecraft:shield":1,"cobblemon:shuca_berry":1,"minecraft:diamond_pickaxe":4,"minecraft:andesite":409,"minecraft:spider_eye":1,"minecraft:stone_pickaxe":1,"minecraft:wooden_pickaxe":3},"minecraft:custom":{"minecraft:animals_bred":6,"minecraft:interact_with_crafting_table":140,"minecraft:open_barrel":9,"minecraft:bell_ring":7,"minecraft:leave_game":33,"minecraft:time_since_death":203413,"minecraft:sprint_one_cm":2440507,"minecraft:damage_blocked_by_shield":1830,"minecraft:drop":362,"minecraft:talked_to_villager":34,"minecraft:play_time":768782,"minecraft:deaths":19,"minecraft:jump":13407,"minecraft:walk_on_water_one_cm":49514,"minecraft:enchant_item":1,"minecraft:interact_with_furnace":235,"minecraft:traded_with_villager":8,"minecraft:sleep_in_bed":42,"minecraft:damage_dealt":26557,"minecraft:crouch_one_cm":98165,"minecraft:interact_with_smoker":62,"minecraft:interact_with_anvil":3,"minecraft:mob_kills":310,"minecraft:climb_one_cm":44925,"minecraft:walk_one_cm":2316743,"minecraft:sneak_time":26311,"minecraft:walk_under_water_one_cm":34362,"minecraft:boat_one_cm":14141,"minecraft:interact_with_blast_furnace":96,"minecraft:total_world_time":768782,"minecraft:raid_trigger":1,"minecraft:time_since_rest":7378,"minecraft:damage_taken":9554,"minecraft:swim_one_cm":76293,"minecraft:fly_one_cm":2771547,"minecraft:open_chest":368,"minecraft:fall_one_cm":299998},"minecraft:crafted":{"minecraft:smooth_stone":25,"minecraft:oak_planks":4,"minecraft:cobblestone_slab":6,"minecraft:cooked_chicken":121,"minecraft:stone":114,"minecraft:diamond_shovel":2,"minecraft:cooked_mutton":13,"minecraft:glass":64,"minecraft:diamond_helmet":2,"minecraft:diamond_leggings":1,"minecraft:iron_boots":3,"minecraft:chest":22,"minecraft:birch_button":2,"minecraft:golden_boots":1,"minecraft:smoker":5,"minecraft:emerald":6,"minecraft:diamond_axe":2,"minecraft:crafting_table":11,"minecraft:spruce_planks":108,"minecraft:wooden_pickaxe":2,"minecraft:iron_helmet":8,"minecraft:spruce_door":3,"minecraft:birch_planks":1316,"minecraft:diamond_pickaxe":4,"minecraft:iron_chestplate":2,"minecraft:book":1,"minecraft:paper":3,"minecraft:charcoal":1,"minecraft:shield":4,"minecraft:birch_fence":6,"minecraft:stick":472,"minecraft:iron_ingot":835,"minecraft:iron_pickaxe":1,"minecraft:iron_block":3,"minecraft:gold_ingot":298,"cobblemon:exp_share":6,"minecraft:furnace":18,"minecraft:blast_furnace":5,"minecraft:bone_meal":90,"minecraft:white_carpet":3,"minecraft:iron_axe":2,"minecraft:ladder":9,"minecraft:stone_pickaxe":1,"minecraft:diamond_boots":2,"minecraft:spruce_boat":1,"minecraft:dark_oak_planks":76,"minecraft:wheat":477,"minecraft:cooked_beef":6,"minecraft:diamond_sword":3,"minecraft:enchanting_table":1,"cobblemon:pc":1,"minecraft:bucket":1,"minecraft:stone_axe":1,"minecraft:bread":195,"minecraft:air":0,"minecraft:white_wool":2,"minecraft:wooden_axe":1,"minecraft:iron_leggings":4,"minecraft:anvil":1,"minecraft:acacia_planks":16,"minecraft:torch":72,"cobblemon:ultra_ball":160,"minecraft:diamond_chestplate":2},"minecraft:mined":{"minecraft:large_amethyst_bud":20,"cobblemon:pc":1,"minecraft:obsidian":20,"minecraft:cave_vines_plant":21,"megamons:mewtwonitey_crystal_ore":2,"minecraft:granite":1,"minecraft:budding_amethyst":2,"minecraft:acacia_log":3,"minecraft:grass_block":50,"minecraft:brown_wool":2,"minecraft:soul_soil":1,"minecraft:spawner":1,"minecraft:iron_ore":276,"minecraft:cobbled_deepslate":5,"minecraft:fire":18,"minecraft:deepslate_lapis_ore":27,"minecraft:anvil":1,"cobblemon:medicinal_leek":1,"minecraft:cave_vines":12,"minecraft:dirt_path":1,"minecraft:small_amethyst_bud":5,"megamons:crystal_ice_stone_ore":1,"minecraft:orange_bed":5,"megamons:anistarite_geode_block":15,"minecraft:cyan_terracotta":29,"minecraft:soul_fire":7,"minecraft:medium_amethyst_bud":9,"cobblemon:revival_herb":5,"minecraft:amethyst_cluster":26,"minecraft:clay":80,"cobblemon:apricorn_leaves":1,"minecraft:torch":7,"minecraft:light_gray_terracotta":13,"minecraft:blast_furnace":1,"minecraft:calcite":6,"minecraft:melon":18,"minecraft:chest":11,"minecraft:nether_quartz_ore":16,"minecraft:cobblestone":142,"minecraft:sugar_cane":20,"minecraft:wall_torch":6,"minecraft:amethyst_block":10,"minecraft:birch_log":324,"minecraft:wheat":34,"minecraft:grass":43,"minecraft:dark_oak_sapling":1,"minecraft:acacia_fence":5,"minecraft:dirt":82,"minecraft:smooth_basalt":11,"minecraft:netherrack":141,"minecraft:oak_leaves":2,"minecraft:deepslate":1830,"minecraft:diamond_ore":12,"minecraft:tuff":115,"minecraft:mossy_cobblestone":1,"minecraft:deepslate_diamond_ore":175,"minecraft:dark_oak_log":23,"minecraft:dark_oak_fence":1,"minecraft:decorated_pot":1,"minecraft:spruce_leaves":35,"minecraft:moss_block":2,"minecraft:sandstone":1,"minecraft:hay_block":33,"minecraft:furnace":8,"minecraft:acacia_wood":4,"minecraft:andesite":400,"minecraft:acacia_stairs":2,"minecraft:bookshelf":3,"minecraft:deepslate_iron_ore":154,"minecraft:cobblestone_slab":4,"minecraft:stone":2303,"minecraft:bone_block":4,"megamons:crystal_thunder_stone_ore":1,"minecraft:podzol":2,"megamons:anistarite_rough_geode_block":3,"minecraft:acacia_leaves":6,"minecraft:soul_sand":2,"cobblemon:black_apricorn_sapling":5,"minecraft:basalt":1,"minecraft:crafting_table":4,"minecraft:copper_ore":4,"minecraft:tall_grass":18,"minecraft:deepslate_coal_ore":22,"minecraft:lapis_ore":42,"minecraft:deepslate_gold_ore":235,"cobblemon:yellow_apricorn_sapling":6,"minecraft:birch_planks":62,"minecraft:coarse_dirt":5,"minecraft:spruce_log":300,"minecraft:birch_leaves":20,"minecraft:coal_ore":610,"minecraft:gravel":157,"minecraft:small_dripleaf":1,"minecraft:gold_ore":14,"minecraft:fern":3},"minecraft:killed":{"minecraft:zombified_piglin":1,"minecraft:spider":3,"minecraft:skeleton":20,"minecraft:chicken":175,"minecraft:piglin":1,"minecraft:creeper":1,"minecraft:pillager":4,"minecraft:zombie":71,"minecraft:cow":3,"minecraft:slime":9,"cobblemon:pokemon":21},"minecraft:killed_by":{"minecraft:creeper":3,"minecraft:vindicator":1,"minecraft:piglin":1,"minecraft:witch":1,"minecraft:zombie":2,"minecraft:skeleton":7},"minecraft:picked_up":{"minecraft:wooden_axe":1,"minecraft:iron_chestplate":2,"cobblemon:leaf_stone":2,"minecraft:wheat":36,"minecraft:anvil":1,"minecraft:diamond_sword":3,"minecraft:acacia_pressure_plate":1,"minecraft:amethyst_block":9,"minecraft:string":1,"minecraft:soul_soil":4,"minecraft:raw_copper":50,"minecraft:iron_leggings":3,"minecraft:diamond_leggings":1,"minecraft:cobbled_deepslate":1767,"minecraft:spruce_planks":20,"cobblemon:oran_berry":1,"minecraft:cobblestone_slab":4,"minecraft:calcite":6,"minecraft:iron_pickaxe":1,"minecraft:melon_slice":89,"minecraft:furnace":8,"minecraft:iron_boots":1,"minecraft:blue_wool":1,"minecraft:golden_helmet":8,"minecraft:stick":18,"cobblemon:pc":1,"minecraft:acacia_fence":5,"minecraft:torch":15,"minecraft:acacia_log":3,"minecraft:porkchop":3,"minecraft:vine":1,"minecraft:orange_bed":7,"minecraft:stone_sword":2,"minecraft:honey_bottle":1,"minecraft:rotten_flesh":101,"minecraft:tropical_fish":4,"minecraft:cyan_terracotta":29,"minecraft:obsidian":21,"minecraft:cobblestone":2541,"minecraft:birch_log":329,"minecraft:leather_chestplate":3,"minecraft:feather":151,"minecraft:cooked_beef":5,"cobblemon:ultra_ball":63,"minecraft:andesite":455,"minecraft:brown_wool":2,"minecraft:potato":1,"minecraft:flint":53,"minecraft:tuff":95,"minecraft:lapis_lazuli":776,"megamons:anistarite_geode_block":15,"minecraft:dirt":141,"minecraft:bone":13,"minecraft:glass":20,"minecraft:acacia_planks":16,"minecraft:wheat_seeds":133,"cobblemon:black_apricorn":116,"minecraft:raw_gold":390,"cobblemon:thunder_stone":1,"minecraft:rabbit":1,"minecraft:moss_block":2,"minecraft:oak_planks":1,"minecraft:cooked_porkchop":1,"patchouli:guide_book":1,"minecraft:sand":9,"minecraft:acacia_stairs":2,"minecraft:dark_oak_log":22,"minecraft:mossy_cobblestone":1,"cobblemon:shuca_berry":1,"megamons:anistarite_rough_geode_block":3,"minecraft:light_gray_terracotta":9,"minecraft:spruce_boat":1,"minecraft:diamond":278,"minecraft:granite":1,"minecraft:bone_meal":6,"cobblemon:ice_stone":1,"minecraft:bread":48,"minecraft:oak_sapling":1,"minecraft:netherrack":138,"minecraft:dark_oak_fence":1,"minecraft:diamond_pickaxe":8,"minecraft:coarse_dirt":6,"minecraft:crafting_table":5,"minecraft:chicken":156,"minecraft:clay_ball":357,"cobblemon:yellow_apricorn":146,"minecraft:shield":2,"megamons:raw_mewtwonitey":2,"cobblemon:revival_herb":17,"minecraft:iron_axe":4,"minecraft:flint_and_steel":1,"minecraft:iron_shovel":3,"cobblemon:muscle_band":1,"minecraft:beef":9,"minecraft:poppy":1,"minecraft:chest":13,"cobblemon:pep_up_flower":8,"minecraft:sugar_cane":36,"minecraft:birch_sapling":5,"minecraft:egg":241,"minecraft:dark_oak_sapling":2,"minecraft:raw_iron":802,"minecraft:sandstone":1,"minecraft:stone":17,"minecraft:dark_oak_planks":25,"minecraft:arrow":14,"minecraft:hay_block":33,"cobblemon:black_augurite":1,"minecraft:gold_ingot":50,"minecraft:glow_berries":18,"minecraft:bone_block":20,"minecraft:white_wool":2,"minecraft:glow_ink_sac":1,"minecraft:leather":3,"minecraft:acacia_wood":4,"minecraft:birch_planks":310,"minecraft:white_banner":1,"minecraft:rabbit_hide":1,"minecraft:cooked_chicken":34,"minecraft:soul_sand":2,"cobblemon:chilan_berry":6,"minecraft:book":9,"minecraft:smooth_basalt":11,"minecraft:sweet_berries":2,"cobblemon:payapa_berry":1,"cobblemon:black_apricorn_seed":11,"minecraft:quartz":16,"minecraft:gravel":119,"cobblemon:yellow_apricorn_seed":14,"minecraft:amethyst_shard":106,"minecraft:spruce_sapling":7,"minecraft:blast_furnace":1,"minecraft:white_bed":3,"minecraft:spruce_log":295,"minecraft:spider_eye":1,"minecraft:leather_helmet":2,"minecraft:diamond_shovel":1,"minecraft:slime_ball":1,"minecraft:iron_helmet":2,"minecraft:diamond_axe":4,"minecraft:coal":906}},"DataVersion":3465}