{"stats":{"minecraft:killed_by":{"minecraft:spider":1},"minecraft:crafted":{"minecraft:oak_planks":112,"minecraft:smooth_stone":4,"minecraft:cobblestone_slab":96,"cobblemon:apricorn_trapdoor":8,"minecraft:birch_boat":2,"cobblemon:apricorn_planks":40,"minecraft:stone":171,"minecraft:glass":4,"minecraft:diamond_helmet":1,"minecraft:diamond_leggings":1,"minecraft:iron_boots":2,"minecraft:raw_copper":27,"minecraft:chest":24,"minecraft:stone_hoe":1,"minecraft:stone_bricks":1,"minecraft:item_frame":7,"minecraft:cooked_porkchop":2,"minecraft:diamond_axe":1,"minecraft:crafting_table":5,"minecraft:spruce_planks":340,"minecraft:iron_helmet":3,"minecraft:wooden_pickaxe":2,"minecraft:baked_potato":91,"minecraft:brown_bed":1,"minecraft:copper_ingot":10,"minecraft:fletching_table":1,"minecraft:birch_planks":164,"minecraft:stone_brick_stairs":8,"minecraft:iron_chestplate":2,"minecraft:diamond_pickaxe":1,"minecraft:shield":5,"minecraft:stick":252,"minecraft:iron_ingot":132,"minecraft:iron_pickaxe":3,"minecraft:stone_sword":5,"minecraft:gold_ingot":36,"minecraft:shears":1,"minecraft:stone_shovel":3,"minecraft:fishing_rod":2,"minecraft:furnace":2,"minecraft:bone_meal":213,"minecraft:spruce_fence":66,"cobblemon:premier_ball":4,"minecraft:white_concrete_powder":168,"minecraft:iron_axe":1,"minecraft:spruce_slab":66,"minecraft:stone_pickaxe":14,"minecraft:diamond_boots":1,"cobblemon:citrine_ball":4,"minecraft:cooked_beef":54,"minecraft:diamond_sword":1,"minecraft:iron_sword":1,"cobblemon:pc":2,"minecraft:bucket":3,"minecraft:stone_axe":2,"minecraft:air":0,"cobblemon:heavy_ball":12,"minecraft:white_dye":42,"minecraft:wooden_axe":1,"minecraft:birch_trapdoor":12,"minecraft:iron_leggings":2,"minecraft:torch":332,"cobblemon:ultra_ball":48,"cobblemon:great_ball":8,"minecraft:diamond_chestplate":1},"minecraft:broken":{"minecraft:golden_helmet":1,"minecraft:stone_pickaxe":6,"minecraft:stone_shovel":2,"minecraft:stone_sword":3,"minecraft:iron_axe":1,"minecraft:iron_helmet":1},"minecraft:mined":{"minecraft:spruce_planks":6,"minecraft:white_bed":1,"minecraft:oak_sapling":2,"cobblemon:pc":1,"cobblemon:apricorn_log":10,"minecraft:obsidian":10,"minecraft:grass_block":154,"minecraft:infested_cobblestone":1,"minecraft:white_concrete":176,"minecraft:oxeye_daisy":2,"minecraft:iron_ore":54,"minecraft:cobbled_deepslate":1,"minecraft:deepslate_lapis_ore":9,"minecraft:azure_bluet":3,"minecraft:brown_bed":1,"cobblemon:vivichoke_seeds":1,"minecraft:dirt_path":9,"megamons:crystal_ice_stone_ore":1,"minecraft:spruce_slab":1,"megamons:anistarite_geode_block":94,"minecraft:clay":2,"minecraft:torch":2,"minecraft:poppy":1,"minecraft:chest":12,"cobblemon:pinap_berry":1,"minecraft:cobblestone":141,"minecraft:oak_planks":1,"minecraft:damaged_anvil":1,"minecraft:wall_torch":6,"minecraft:light_gray_stained_glass":1,"minecraft:birch_log":44,"minecraft:stone_brick_stairs":6,"minecraft:grass":408,"minecraft:oak_log":30,"minecraft:sand":90,"minecraft:dirt":161,"minecraft:stonecutter":2,"minecraft:oak_leaves":24,"minecraft:deepslate":25,"minecraft:tuff":2,"minecraft:mossy_cobblestone":25,"minecraft:dark_oak_leaves":2,"minecraft:deepslate_diamond_ore":19,"minecraft:stripped_birch_log":1,"minecraft:spruce_leaves":23,"minecraft:large_fern":12,"minecraft:furnace":14,"cobblemon:black_apricorn":2,"minecraft:gold_block":1,"minecraft:potatoes":76,"minecraft:deepslate_iron_ore":57,"minecraft:rail":1,"minecraft:stone":691,"megamons:crystal_thunder_stone_ore":1,"megamons:crystal_leaf_stone_ore":1,"megamons:anistarite_rough_geode_block":2,"cobblemon:black_apricorn_sapling":1,"minecraft:stone_brick_slab":21,"minecraft:dandelion":2,"minecraft:crafting_table":5,"minecraft:cornflower":1,"minecraft:stone_slab":12,"minecraft:tall_grass":96,"minecraft:copper_ore":1,"minecraft:deepslate_gold_ore":34,"minecraft:birch_planks":9,"minecraft:sweet_berry_bush":1,"minecraft:spruce_log":279,"minecraft:birch_leaves":42,"minecraft:coal_ore":188,"megamons:crystal_sun_stone_ore":1,"minecraft:gravel":107,"cobblemon:sun_stone_ore":1,"minecraft:stone_bricks":3,"minecraft:gold_ore":5,"minecraft:infested_stone":1,"minecraft:fern":9},"minecraft:picked_up":{"cobblemon:leaf_stone":2,"minecraft:iron_chestplate":1,"minecraft:wheat":2,"minecraft:chainmail_boots":1,"minecraft:stone_slab":23,"minecraft:lead":2,"cobblemon:red_apricorn":22,"minecraft:brown_bed":2,"minecraft:stone_brick_stairs":7,"cobblemon:wepear_berry":35,"minecraft:string":41,"minecraft:raw_copper":58,"minecraft:iron_leggings":1,"minecraft:diamond_leggings":1,"minecraft:cobbled_deepslate":27,"minecraft:bucket":1,"cobblemon:white_apricorn_seed":2,"minecraft:spruce_planks":38,"cobblemon:oran_berry":244,"minecraft:cobblestone_slab":35,"minecraft:iron_pickaxe":3,"minecraft:furnace":14,"minecraft:iron_boots":2,"minecraft:golden_helmet":1,"minecraft:stick":20,"cobblemon:apricorn_log":10,"cobblemon:pc":1,"minecraft:oak_fence":1,"minecraft:torch":125,"minecraft:porkchop":2,"minecraft:golden_chestplate":2,"minecraft:rotten_flesh":44,"cobblemon:heavy_ball":13,"minecraft:obsidian":10,"minecraft:cobblestone":881,"minecraft:birch_log":80,"minecraft:cooked_beef":41,"cobblemon:ultra_ball":62,"minecraft:water_bucket":3,"minecraft:andesite":3,"minecraft:brown_wool":30,"minecraft:golden_leggings":1,"cobblemon:electirizer":1,"minecraft:potato":270,"minecraft:flint":20,"minecraft:tuff":5,"minecraft:lapis_lazuli":170,"megamons:anistarite_geode_block":140,"minecraft:dirt":358,"minecraft:leather_boots":4,"minecraft:glass":3,"minecraft:bone":232,"minecraft:stonecutter":2,"minecraft:bow":18,"minecraft:wheat_seeds":108,"cobblemon:black_apricorn":81,"minecraft:raw_gold":78,"cobblemon:thunder_stone":2,"minecraft:oak_planks":9,"cobblemon:sun_stone":4,"minecraft:music_disc_13":2,"minecraft:sand":92,"cobblemon:vivichoke":2,"cobblemon:aspear_berry":14,"minecraft:mossy_cobblestone":50,"megamons:anistarite_rough_geode_block":2,"minecraft:diamond":37,"minecraft:white_concrete":174,"minecraft:golden_apple":1,"cobblemon:ice_stone":2,"minecraft:emerald":1,"minecraft:oak_sapling":8,"minecraft:diamond_pickaxe":2,"minecraft:crafting_table":6,"megamons:raw_banettite":1,"minecraft:azure_bluet":6,"cobblemon:yellow_apricorn":58,"minecraft:leather_leggings":1,"minecraft:wooden_pickaxe":3,"minecraft:gold_block":1,"minecraft:diamond_horse_armor":1,"minecraft:shield":2,"minecraft:cornflower":2,"cobblemon:white_apricorn":74,"cobblemon:green_apricorn":4,"minecraft:beef":63,"minecraft:poppy":2,"minecraft:spruce_slab":19,"minecraft:chest":13,"minecraft:spruce_trapdoor":12,"minecraft:egg":5,"minecraft:dark_oak_sapling":1,"minecraft:raw_iron":146,"minecraft:stone":27,"minecraft:copper_ingot":6,"minecraft:spruce_fence":12,"minecraft:white_dye":21,"cobblemon:rawst_berry":4,"cobblemon:vivichoke_seeds":2,"cobblemon:citrine_ball":2,"minecraft:redstone":4,"minecraft:arrow":392,"minecraft:diamond_chestplate":1,"minecraft:beetroot_seeds":6,"minecraft:pumpkin_pie":1,"minecraft:gold_ingot":72,"cobblemon:blue_apricorn":19,"minecraft:rail":2,"minecraft:oxeye_daisy":4,"minecraft:birch_leaves":39,"minecraft:glow_ink_sac":24,"minecraft:leather":46,"minecraft:fern":4,"minecraft:birch_planks":37,"minecraft:oak_log":32,"minecraft:golden_boots":1,"minecraft:gunpowder":26,"minecraft:cooked_mutton":1,"minecraft:stone_bricks":4,"minecraft:stone_pickaxe":9,"minecraft:iron_sword":2,"cobblemon:chilan_berry":4,"cobblemon:red_apricorn_seed":5,"minecraft:birch_boat":1,"minecraft:sweet_berries":79,"minecraft:stone_brick_slab":26,"cobblemon:black_apricorn_seed":6,"minecraft:dandelion":4,"cobblemon:blue_apricorn_seed":2,"minecraft:gravel":91,"cobblemon:cheri_berry":1,"cobblemon:premier_ball":1,"cobblemon:yellow_apricorn_seed":8,"cobblemon:pink_apricorn":4,"minecraft:small_amethyst_bud":3,"minecraft:spruce_sapling":5,"minecraft:white_bed":2,"minecraft:spruce_log":294,"minecraft:spider_eye":3,"minecraft:stone_axe":1,"minecraft:chainmail_leggings":2,"minecraft:iron_helmet":2,"minecraft:diamond_axe":1,"minecraft:baked_potato":78,"minecraft:damaged_anvil":2,"minecraft:coal":334},"minecraft:used":{"minecraft:spruce_slab":51,"minecraft:poppy":1,"minecraft:white_concrete_powder":168,"minecraft:chest":34,"minecraft:shield":98,"minecraft:iron_sword":269,"minecraft:stone":2,"minecraft:lava_bucket":14,"cobblemon:apricorn_trapdoor":8,"minecraft:stone_brick_stairs":41,"minecraft:stone_bricks":3,"minecraft:item_frame":5,"minecraft:birch_trapdoor":9,"minecraft:bow":4,"minecraft:sweet_berries":89,"minecraft:oak_sapling":8,"minecraft:furnace":16,"minecraft:potato":179,"minecraft:birch_leaves":22,"minecraft:stone_pickaxe":1104,"minecraft:oak_planks":44,"minecraft:orange_tulip":1,"minecraft:wooden_pickaxe":30,"minecraft:diamond_axe":293,"cobblemon:yellow_apricorn_seed":1,"minecraft:shears":40,"minecraft:bread":4,"minecraft:brown_wool":1,"minecraft:white_concrete":148,"minecraft:bone_meal":143,"minecraft:oak_fence":1,"minecraft:stone_sword":562,"minecraft:stone_shovel":378,"minecraft:spruce_planks":23,"minecraft:stone_hoe":180,"minecraft:torch":327,"minecraft:dirt":328,"minecraft:spruce_fence":65,"minecraft:fern":3,"minecraft:stone_brick_slab":258,"minecraft:wooden_axe":9,"minecraft:iron_axe":257,"cobblemon:pc":3,"minecraft:cooked_beef":76,"minecraft:brown_bed":3,"minecraft:cooked_mutton":1,"minecraft:water_bucket":42,"minecraft:birch_planks":11,"minecraft:baked_potato":45,"minecraft:birch_boat":3,"minecraft:fletching_table":1,"minecraft:stonecutter":2,"minecraft:cobblestone_slab":61,"cobblemon:vivichoke_seeds":1,"minecraft:crafting_table":9,"cobblemon:black_apricorn_seed":2,"minecraft:white_bed":2,"cobblemon:white_apricorn_seed":1,"minecraft:spruce_log":191,"minecraft:diamond_pickaxe":187,"minecraft:iron_pickaxe":298,"minecraft:spruce_trapdoor":10,"minecraft:spruce_sapling":5,"minecraft:stone_axe":114,"minecraft:chiseled_stone_bricks":6,"minecraft:cobblestone":444,"minecraft:cooked_porkchop":2,"minecraft:bucket":59},"minecraft:custom":{"minecraft:interact_with_crafting_table":110,"minecraft:open_barrel":7,"minecraft:leave_game":20,"minecraft:time_since_death":120034,"minecraft:sprint_one_cm":1032870,"minecraft:damage_blocked_by_shield":6436,"minecraft:drop":55,"minecraft:talked_to_villager":7,"minecraft:play_time":879652,"minecraft:deaths":3,"minecraft:jump":10315,"minecraft:walk_on_water_one_cm":88193,"minecraft:enchant_item":3,"minecraft:interact_with_furnace":215,"minecraft:sleep_in_bed":46,"minecraft:damage_dealt":57115,"minecraft:crouch_one_cm":313707,"minecraft:mob_kills":344,"minecraft:climb_one_cm":461,"minecraft:walk_one_cm":2302750,"minecraft:sneak_time":39537,"minecraft:walk_under_water_one_cm":107181,"minecraft:boat_one_cm":37643,"minecraft:total_world_time":879652,"minecraft:interact_with_stonecutter":14,"minecraft:time_since_rest":63165,"minecraft:damage_taken":8506,"minecraft:swim_one_cm":97989,"minecraft:fly_one_cm":1993714,"minecraft:open_chest":330,"minecraft:fall_one_cm":272903},"minecraft:killed":{"minecraft:cave_spider":2,"minecraft:spider":6,"minecraft:skeleton":246,"minecraft:silverfish":1,"minecraft:pig":1,"minecraft:trader_llama":2,"minecraft:pillager":2,"minecraft:zombie":35,"minecraft:cow":11,"cobblemon:pokemon":15},"minecraft:dropped":{"minecraft:lapis_lazuli":4,"minecraft:cooked_beef":3,"minecraft:glow_ink_sac":11,"cobblemon:sun_stone":1,"minecraft:dark_oak_sapling":1,"minecraft:iron_horse_armor":1,"minecraft:emerald":1,"minecraft:dirt":2,"minecraft:pumpkin_pie":1,"minecraft:bone_meal":1,"minecraft:fishing_rod":2,"minecraft:gold_ingot":7,"cobblemon:ultra_ball":2,"minecraft:bone":2,"minecraft:golden_chestplate":1,"minecraft:cobbled_deepslate":4,"minecraft:wheat":1,"minecraft:rotten_flesh":11,"minecraft:fern":1,"patchouli:guide_book":2,"minecraft:gunpowder":12,"minecraft:spruce_slab":1,"minecraft:arrow":6,"minecraft:egg":1,"minecraft:golden_boots":1,"minecraft:bread":4,"minecraft:wheat_seeds":9,"minecraft:diamond_leggings":1,"minecraft:stick":7,"minecraft:torch":1,"minecraft:string":2,"minecraft:bucket":1,"cobblemon:wepear_berry":2,"minecraft:stone_sword":2,"minecraft:tuff":1,"minecraft:iron_boots":1,"megamons:anistarite_rough_geode_block":2,"minecraft:andesite":3,"minecraft:spider_eye":1,"minecraft:bow":2,"minecraft:stone_pickaxe":2,"minecraft:wooden_pickaxe":1}},"DataVersion":3465}