{"stats":{"minecraft:killed_by":{"minecraft:skeleton":1},"minecraft:mined":{"megamons:anistarite_rough_geode_block":2,"minecraft:tuff":2,"minecraft:white_bed":4,"megamons:anistarite_geode_block":8,"minecraft:deepslate_diamond_ore":34,"minecraft:crafting_table":6,"minecraft:grass_block":1,"minecraft:copper_ore":13,"minecraft:tall_grass":16,"minecraft:cobblestone":1,"minecraft:spruce_leaves":1,"minecraft:tall_seagrass":3,"minecraft:furnace":4,"minecraft:iron_ore":28,"minecraft:spruce_log":20,"minecraft:birch_leaves":1,"minecraft:andesite":11,"cobblemon:dusk_stone_ore":1,"minecraft:grass":21,"minecraft:coal_ore":74,"minecraft:oak_log":5,"minecraft:deepslate_iron_ore":7,"minecraft:gravel":2,"minecraft:stone":77,"minecraft:deepslate":10,"megamons:crystal_leaf_stone_ore":2,"minecraft:fern":2,"minecraft:green_bed":1},"minecraft:killed":{"cobblemon:pokemon":2,"minecraft:cod":1,"minecraft:sheep":3,"minecraft:skeleton":4,"minecraft:zombie":13,"minecraft:chicken":2,"minecraft:cow":9},"minecraft:picked_up":{"minecraft:iron_chestplate":1,"minecraft:crafting_table":6,"cobblemon:leaf_stone":2,"minecraft:feather":6,"minecraft:chicken":3,"minecraft:andesite":12,"minecraft:leather":12,"cobblemon:red_apricorn":4,"minecraft:wooden_pickaxe":2,"minecraft:tuff":4,"minecraft:oak_log":5,"megamons:anistarite_geode_block":8,"minecraft:dirt":1,"minecraft:raw_copper":70,"minecraft:iron_leggings":1,"cobblemon:white_apricorn":4,"minecraft:bone":1,"minecraft:wheat_seeds":2,"cobblemon:black_apricorn":2,"minecraft:cobbled_deepslate":14,"minecraft:spruce_planks":2,"minecraft:beef":24,"minecraft:cooked_chicken":1,"cobblemon:relic_coin":35,"cobblemon:dusk_stone":1,"minecraft:furnace":4,"cobblemon:red_apricorn_seed":1,"cobblemon:azure_ball":1,"minecraft:raw_iron":35,"minecraft:torch":1,"minecraft:green_bed":1,"minecraft:gravel":4,"minecraft:white_bed":5,"minecraft:spruce_log":20,"cobblemon:aspear_berry":5,"megamons:anistarite_rough_geode_block":2,"minecraft:rotten_flesh":9,"minecraft:diamond":33,"minecraft:bone_meal":1,"minecraft:mutton":5,"minecraft:cod":1,"cobblemon:blue_apricorn":6,"minecraft:coal":116,"minecraft:white_wool":3,"minecraft:cobblestone":80},"minecraft:dropped":{"minecraft:gravel":2,"minecraft:wheat_seeds":2,"minecraft:cobbled_deepslate":4,"minecraft:tuff":3,"minecraft:feather":6,"minecraft:cobblestone":3,"minecraft:rotten_flesh":3,"minecraft:white_bed":1,"minecraft:dirt":1,"cobblemon:aspear_berry":5,"minecraft:torch":1,"minecraft:iron_chestplate":2,"minecraft:andesite":2,"minecraft:iron_leggings":2,"minecraft:bone_meal":1,"minecraft:wooden_pickaxe":4,"minecraft:bone":1},"minecraft:used":{"minecraft:cooked_mutton":5,"minecraft:diamond_boots":1,"minecraft:stone_pickaxe":210,"minecraft:spruce_planks":13,"minecraft:wooden_pickaxe":9,"minecraft:shield":2,"minecraft:iron_sword":7,"minecraft:cooked_chicken":2,"minecraft:iron_chestplate":1,"minecraft:torch":52,"minecraft:crafting_table":9,"minecraft:white_bed":4,"minecraft:tuff":1,"minecraft:apple":3,"minecraft:bread":17,"minecraft:iron_pickaxe":59,"minecraft:gravel":2,"minecraft:diamond_chestplate":1,"minecraft:stone_axe":81,"minecraft:diamond_sword":21,"minecraft:cobblestone":27,"minecraft:furnace":5,"minecraft:andesite":10,"minecraft:cooked_beef":4,"minecraft:cobbled_deepslate":4,"minecraft:iron_leggings":1},"minecraft:crafted":{"minecraft:cooked_beef":10,"minecraft:oak_planks":20,"minecraft:diamond_sword":1,"minecraft:crafting_table":5,"minecraft:spruce_planks":80,"minecraft:wooden_pickaxe":2,"minecraft:cooked_chicken":1,"minecraft:furnace":1,"minecraft:copper_ingot":3,"minecraft:stone_axe":2,"minecraft:cooked_mutton":5,"minecraft:air":0,"minecraft:diamond_helmet":1,"minecraft:iron_chestplate":1,"minecraft:diamond_leggings":1,"minecraft:shield":1,"minecraft:stick":40,"minecraft:iron_ingot":19,"minecraft:iron_pickaxe":1,"minecraft:stone_pickaxe":4,"minecraft:diamond_boots":1,"minecraft:iron_leggings":1,"minecraft:white_bed":1,"cobblemon:azure_ball":4,"minecraft:torch":56,"minecraft:diamond_chestplate":1},"minecraft:broken":{"minecraft:stone_pickaxe":1,"minecraft:stone_axe":1},"minecraft:custom":{"minecraft:interact_with_furnace":40,"minecraft:mob_kills":36,"minecraft:interact_with_crafting_table":33,"minecraft:open_barrel":18,"minecraft:leave_game":3,"minecraft:time_since_death":7129,"minecraft:sleep_in_bed":6,"minecraft:climb_one_cm":1254,"minecraft:time_since_rest":7223,"minecraft:sprint_one_cm":191450,"minecraft:damage_taken":1847,"minecraft:walk_one_cm":259413,"minecraft:damage_blocked_by_shield":135,"minecraft:drop":27,"minecraft:damage_dealt":5703,"minecraft:swim_one_cm":33962,"minecraft:fly_one_cm":436425,"minecraft:open_chest":6,"minecraft:crouch_one_cm":11900,"minecraft:play_time":80940,"minecraft:sneak_time":5108,"minecraft:deaths":1,"minecraft:walk_under_water_one_cm":7881,"minecraft:jump":2175,"minecraft:walk_on_water_one_cm":17445,"minecraft:fall_one_cm":73556,"minecraft:total_world_time":80940}},"DataVersion":3465}