{"stats":{"minecraft:used":{"minecraft:peony":1,"minecraft:moss_block":2,"minecraft:moss_carpet":3,"minecraft:iron_shovel":61,"minecraft:light_gray_stained_glass_pane":106,"minecraft:spruce_slab":6,"minecraft:chest":9,"minecraft:shield":76,"minecraft:rotten_flesh":11,"minecraft:iron_chestplate":2,"minecraft:allium":1,"minecraft:tuff":1,"minecraft:glass":2,"minecraft:cyan_terracotta":56,"minecraft:spruce_wood":318,"minecraft:birch_sapling":13,"minecraft:iron_helmet":1,"minecraft:stone_bricks":498,"minecraft:bow":11,"minecraft:oak_sapling":5,"minecraft:furnace":4,"minecraft:acacia_fence":32,"minecraft:egg":1179,"minecraft:potato":184,"minecraft:stripped_spruce_wood":150,"minecraft:dark_oak_sapling":12,"minecraft:golden_boots":2,"minecraft:oak_planks":3,"minecraft:spruce_door":2,"minecraft:stone_pickaxe":190,"minecraft:orange_tulip":1,"minecraft:blackstone":4,"minecraft:wooden_pickaxe":25,"minecraft:composter":3,"minecraft:sugar_cane":11,"minecraft:white_wool":2,"minecraft:glow_berries":1,"minecraft:light_gray_terracotta":38,"cobblemon:yellow_apricorn_seed":4,"minecraft:melon_slice":32,"minecraft:birch_slab":1,"minecraft:acacia_door":3,"minecraft:bread":245,"minecraft:lectern":5,"minecraft:gravel":215,"minecraft:cooked_rabbit":1,"minecraft:andesite":21,"minecraft:birch_log":3,"minecraft:coarse_dirt":20,"minecraft:bone_meal":151,"minecraft:golden_pickaxe":1,"minecraft:azalea":1,"minecraft:enchanting_table":1,"minecraft:acacia_log":73,"minecraft:white_tulip":2,"minecraft:stone_shovel":396,"minecraft:spruce_planks":3,"minecraft:cooked_chicken":30,"minecraft:netherrack":192,"minecraft:orange_bed":15,"minecraft:torch":240,"minecraft:dirt":234,"minecraft:white_carpet":5,"minecraft:spruce_stairs":13,"minecraft:granite":31,"minecraft:iron_hoe":58,"minecraft:bookshelf":15,"minecraft:light_gray_stained_glass":2,"minecraft:iron_axe":2229,"minecraft:smooth_basalt":3,"minecraft:basalt":5,"minecraft:acacia_wood":15,"minecraft:cooked_beef":37,"minecraft:cobbled_deepslate":71,"minecraft:acacia_planks":35,"minecraft:golden_axe":27,"minecraft:iron_leggings":1,"minecraft:calcite":7,"minecraft:wheat_seeds":335,"minecraft:cooked_mutton":5,"minecraft:water_bucket":9,"minecraft:amethyst_block":5,"minecraft:birch_planks":10,"minecraft:birch_boat":1,"minecraft:fletching_table":5,"minecraft:spruce_fence_gate":2,"minecraft:polished_blackstone_bricks":10,"minecraft:crafting_table":5,"cobblemon:black_apricorn_seed":2,"minecraft:white_bed":29,"minecraft:smoker":1,"minecraft:oak_log":3,"minecraft:wooden_hoe":1,"minecraft:acacia_stairs":1,"minecraft:diamond_pickaxe":470,"minecraft:cracked_polished_blackstone_bricks":22,"minecraft:chicken":1,"minecraft:iron_pickaxe":1256,"minecraft:stone_slab":5,"minecraft:spruce_trapdoor":11,"minecraft:spruce_sapling":28,"minecraft:stone_axe":153,"minecraft:cobblestone":96,"minecraft:purple_bed":2,"minecraft:porkchop":1,"minecraft:bucket":10,"minecraft:glass_pane":4,"cobblemon:blue_apricorn_seed":4,"minecraft:birch_stairs":1,"minecraft:chainmail_leggings":1},"minecraft:dropped":{"minecraft:birch_planks":128,"minecraft:diamond_axe":2,"minecraft:cooked_beef":5,"minecraft:diamond":2,"minecraft:leather_helmet":3,"minecraft:birch_slab":2,"minecraft:birch_fence":6,"minecraft:iron_pickaxe":2,"minecraft:dark_oak_planks":25,"minecraft:birch_log":8,"cobblemon:ultra_ball":1,"minecraft:stone_axe":1,"minecraft:cooked_chicken":34,"minecraft:wheat":47,"minecraft:rotten_flesh":31,"minecraft:diamond_shovel":1,"minecraft:white_bed":1,"patchouli:guide_book":2,"minecraft:leather_chestplate":3,"minecraft:acacia_sapling":1,"minecraft:bread":100,"minecraft:wheat_seeds":23,"minecraft:poisonous_potato":1,"minecraft:feather":6,"minecraft:tropical_fish":2,"minecraft:melon_slice":2,"minecraft:iron_axe":1,"minecraft:orange_bed":4,"minecraft:moss_carpet":1,"minecraft:clay_ball":44,"minecraft:potato":252,"minecraft:spruce_boat":1,"minecraft:spruce_trapdoor":12,"minecraft:spruce_planks":20,"minecraft:diamond_pickaxe":2,"minecraft:iron_chestplate":1,"minecraft:oak_sapling":2,"minecraft:bow":1,"minecraft:stone_pickaxe":1},"minecraft:custom":{"minecraft:animals_bred":75,"minecraft:open_barrel":12,"minecraft:interact_with_crafting_table":139,"minecraft:leave_game":26,"minecraft:time_since_death":562050,"minecraft:sprint_one_cm":3249839,"minecraft:damage_blocked_by_shield":4813,"minecraft:drop":93,"minecraft:talked_to_villager":71,"minecraft:play_time":917236,"minecraft:deaths":2,"minecraft:jump":27554,"minecraft:walk_on_water_one_cm":57452,"minecraft:enchant_item":2,"minecraft:interact_with_furnace":161,"minecraft:traded_with_villager":105,"minecraft:sleep_in_bed":65,"minecraft:damage_dealt":25030,"minecraft:crouch_one_cm":163946,"minecraft:interact_with_smoker":49,"minecraft:mob_kills":205,"minecraft:climb_one_cm":5226,"minecraft:walk_one_cm":1538347,"minecraft:sneak_time":57994,"minecraft:walk_under_water_one_cm":60135,"minecraft:boat_one_cm":29406,"minecraft:interact_with_blast_furnace":46,"minecraft:total_world_time":917236,"minecraft:time_since_rest":87048,"minecraft:damage_taken":9217,"minecraft:swim_one_cm":154397,"minecraft:fly_one_cm":7573139,"minecraft:open_chest":422,"minecraft:fall_one_cm":835197},"minecraft:crafted":{"minecraft:oak_planks":108,"minecraft:birch_boat":1,"minecraft:cooked_chicken":88,"minecraft:birch_slab":24,"minecraft:stone":455,"minecraft:bookshelf":16,"minecraft:cooked_mutton":5,"minecraft:glass":88,"minecraft:stone_brick_slab":6,"minecraft:bow":1,"minecraft:chest":8,"minecraft:acacia_fence":39,"minecraft:stone_hoe":1,"minecraft:stone_bricks":444,"minecraft:cooked_rabbit":1,"minecraft:golden_boots":2,"minecraft:golden_axe":1,"minecraft:emerald":95,"minecraft:cooked_porkchop":26,"minecraft:crafting_table":2,"minecraft:spruce_planks":124,"minecraft:golden_pickaxe":1,"minecraft:fletching_table":2,"minecraft:birch_planks":684,"minecraft:spruce_trapdoor":20,"minecraft:lectern":1,"minecraft:wooden_hoe":1,"minecraft:iron_chestplate":1,"minecraft:book":20,"minecraft:paper":69,"minecraft:diamond_pickaxe":1,"minecraft:shield":2,"minecraft:birch_fence":6,"minecraft:stick":3100,"minecraft:iron_ingot":134,"minecraft:iron_pickaxe":6,"minecraft:gold_ingot":35,"minecraft:light_gray_dye":18,"minecraft:composter":1,"minecraft:spruce_fence_gate":2,"minecraft:light_gray_stained_glass_pane":208,"minecraft:stone_shovel":3,"minecraft:light_gray_stained_glass":80,"minecraft:furnace":2,"minecraft:bone_meal":141,"minecraft:glass_pane":16,"minecraft:spruce_stairs":8,"minecraft:iron_axe":11,"minecraft:spruce_wood":333,"minecraft:iron_hoe":1,"minecraft:spruce_slab":12,"minecraft:stone_pickaxe":2,"minecraft:dark_oak_planks":784,"minecraft:wheat":567,"minecraft:cooked_beef":42,"minecraft:stripped_spruce_wood":3,"minecraft:bucket":2,"minecraft:stone_axe":2,"minecraft:bread":234,"minecraft:air":0,"minecraft:iron_shovel":1,"minecraft:white_bed":4,"minecraft:acacia_planks":152,"minecraft:torch":204,"cobblemon:ultra_ball":40},"minecraft:mined":{"minecraft:spruce_planks":3,"minecraft:white_bed":32,"cobblemon:big_root":1,"minecraft:brewing_stand":1,"minecraft:spruce_trapdoor":5,"minecraft:cave_vines_plant":1,"minecraft:granite":1,"minecraft:acacia_log":155,"minecraft:grass_block":118,"minecraft:cracked_polished_blackstone_bricks":25,"minecraft:composter":2,"minecraft:polished_blackstone_bricks":12,"minecraft:iron_ore":122,"minecraft:cobbled_deepslate":16,"minecraft:fire":4,"minecraft:moss_carpet":4,"minecraft:fletching_table":3,"cobblemon:medicinal_leek":3,"minecraft:cave_vines":5,"minecraft:dirt_path":39,"minecraft:spruce_wood":15,"minecraft:azalea":1,"minecraft:orange_bed":23,"minecraft:cyan_terracotta":53,"minecraft:blackstone":4,"minecraft:melon_stem":1,"minecraft:smoker":1,"minecraft:crimson_nylium":1,"minecraft:soul_fire":2,"minecraft:clay":25,"minecraft:torch":12,"cobblemon:apricorn_leaves":2,"minecraft:light_gray_terracotta":49,"minecraft:blast_furnace":1,"minecraft:calcite":7,"minecraft:melon":14,"minecraft:chest":1,"minecraft:nether_quartz_ore":318,"minecraft:glass":2,"minecraft:cobblestone":37,"minecraft:grindstone":1,"minecraft:sugar_cane":66,"minecraft:oak_planks":2,"minecraft:wall_torch":9,"minecraft:amethyst_block":5,"minecraft:light_gray_stained_glass":1,"minecraft:birch_log":195,"minecraft:wheat":328,"minecraft:orange_tulip":1,"minecraft:grass":1025,"minecraft:oak_log":82,"minecraft:acacia_fence":17,"minecraft:sand":96,"minecraft:dirt":183,"minecraft:smooth_basalt":3,"minecraft:netherrack":202,"minecraft:ancient_debris":1,"minecraft:oak_leaves":7,"minecraft:deepslate":65,"minecraft:yellow_terracotta":18,"minecraft:tuff":1,"minecraft:light_gray_stained_glass_pane":10,"minecraft:dark_oak_leaves":441,"minecraft:deepslate_diamond_ore":18,"minecraft:dark_oak_log":196,"minecraft:stripped_birch_log":2,"cobblemon:moon_stone_ore":2,"minecraft:allium":1,"minecraft:crimson_roots":2,"minecraft:birch_slab":1,"minecraft:spruce_leaves":84,"minecraft:moss_block":3,"minecraft:large_fern":20,"minecraft:hay_block":99,"minecraft:spruce_sapling":4,"minecraft:furnace":2,"minecraft:acacia_wood":30,"minecraft:acacia_stairs":77,"minecraft:andesite":21,"minecraft:stripped_spruce_log":8,"minecraft:peony":1,"minecraft:potatoes":130,"minecraft:deepslate_iron_ore":52,"minecraft:lantern":1,"minecraft:stripped_acacia_log":11,"minecraft:stone":649,"minecraft:white_tulip":20,"minecraft:white_wool":3,"minecraft:podzol":1,"minecraft:acacia_leaves":10,"minecraft:glass_pane":9,"minecraft:basalt":9,"minecraft:crafting_table":5,"minecraft:rose_bush":1,"minecraft:lectern":4,"minecraft:stone_slab":5,"minecraft:tall_grass":217,"minecraft:copper_ore":4,"minecraft:deepslate_gold_ore":15,"minecraft:spruce_stairs":5,"minecraft:birch_planks":12,"minecraft:purple_bed":2,"minecraft:coarse_dirt":13,"minecraft:stripped_spruce_wood":160,"minecraft:white_carpet":1,"minecraft:spruce_log":553,"minecraft:birch_leaves":16,"minecraft:coal_ore":137,"minecraft:gravel":94,"minecraft:acacia_door":4,"minecraft:acacia_planks":60,"minecraft:stone_bricks":57,"minecraft:fern":103},"minecraft:broken":{"minecraft:golden_boots":2,"minecraft:iron_chestplate":1,"minecraft:iron_leggings":1,"minecraft:stone_pickaxe":1,"minecraft:stone_axe":1,"minecraft:stone_shovel":3,"minecraft:leather_helmet":1,"minecraft:chainmail_leggings":1,"minecraft:shield":1,"minecraft:golden_axe":1,"minecraft:iron_axe":9,"minecraft:iron_pickaxe":4,"minecraft:iron_helmet":1},"minecraft:killed":{"minecraft:spider":10,"minecraft:skeleton":24,"minecraft:chicken":64,"minecraft:pig":11,"minecraft:creeper":6,"minecraft:sheep":22,"minecraft:pillager":1,"minecraft:zombie":34,"minecraft:cow":21,"minecraft:phantom":1,"cobblemon:pokemon":3,"minecraft:hoglin":3},"minecraft:killed_by":{"minecraft:creeper":1,"minecraft:iron_golem":1},"minecraft:picked_up":{"minecraft:iron_chestplate":4,"minecraft:wheat":329,"cobblemon:red_apricorn":4,"minecraft:stone_slab":5,"minecraft:brewing_stand":1,"minecraft:amethyst_block":5,"minecraft:string":16,"minecraft:raw_copper":13,"minecraft:iron_leggings":3,"minecraft:cobbled_deepslate":86,"cobblemon:white_apricorn_seed":6,"minecraft:spruce_planks":23,"minecraft:white_tulip":20,"cobblemon:oran_berry":3,"minecraft:rose_bush":1,"minecraft:calcite":7,"minecraft:azalea":1,"minecraft:iron_pickaxe":5,"cobblemon:big_root":2,"minecraft:melon_slice":116,"minecraft:iron_boots":1,"minecraft:furnace":3,"minecraft:stick":126,"minecraft:acacia_fence":20,"minecraft:composter":2,"minecraft:torch":53,"minecraft:acacia_log":154,"minecraft:spruce_stairs":5,"minecraft:porkchop":31,"minecraft:orange_bed":19,"minecraft:rotten_flesh":87,"minecraft:tropical_fish":10,"minecraft:cyan_terracotta":56,"minecraft:cobblestone":731,"minecraft:birch_log":192,"minecraft:enchanting_table":1,"minecraft:leather_chestplate":3,"minecraft:feather":77,"cobblemon:ultra_ball":8,"minecraft:birch_slab":6,"minecraft:andesite":21,"cobblemon:pinap_berry":46,"minecraft:smoker":1,"minecraft:potato":481,"minecraft:flint":13,"minecraft:tuff":1,"minecraft:stripped_spruce_wood":159,"minecraft:lantern":2,"minecraft:stripped_birch_log":2,"minecraft:lapis_lazuli":235,"minecraft:dirt":381,"minecraft:bone":17,"minecraft:acacia_planks":60,"minecraft:orange_tulip":2,"minecraft:bow":3,"minecraft:wheat_seeds":983,"cobblemon:black_apricorn":46,"minecraft:raw_gold":20,"minecraft:grindstone":1,"minecraft:rabbit":1,"minecraft:fletching_table":3,"minecraft:bamboo":1,"cobblemon:moon_stone":2,"minecraft:moss_block":2,"minecraft:oak_planks":4,"minecraft:axolotl_bucket":1,"minecraft:poisonous_potato":4,"minecraft:sand":96,"minecraft:stripped_spruce_log":8,"minecraft:acacia_stairs":77,"minecraft:dark_oak_log":201,"minecraft:stripped_acacia_log":11,"minecraft:light_gray_terracotta":67,"minecraft:diamond":94,"minecraft:spruce_boat":3,"minecraft:cracked_polished_blackstone_bricks":22,"minecraft:granite":1,"minecraft:emerald":8,"minecraft:bread":129,"cobblemon:medicinal_leek":8,"minecraft:oak_sapling":7,"minecraft:netherrack":193,"minecraft:crimson_roots":1,"minecraft:diamond_pickaxe":2,"minecraft:fishing_rod":2,"minecraft:coarse_dirt":21,"minecraft:crafting_table":5,"minecraft:allium":1,"minecraft:chicken":66,"minecraft:clay_ball":136,"cobblemon:yellow_apricorn":71,"minecraft:wooden_pickaxe":2,"minecraft:shield":4,"minecraft:moss_carpet":5,"minecraft:iron_axe":2,"minecraft:acacia_door":5,"cobblemon:white_apricorn":37,"minecraft:white_carpet":10,"minecraft:blackstone":4,"cobblemon:green_apricorn":33,"minecraft:beef":42,"minecraft:poppy":3,"minecraft:lectern":4,"minecraft:sugar_cane":119,"minecraft:chest":1,"minecraft:birch_sapling":13,"cobblemon:green_apricorn_seed":2,"minecraft:spruce_trapdoor":5,"minecraft:phantom_membrane":4,"minecraft:egg":1296,"minecraft:dark_oak_sapling":33,"minecraft:raw_iron":211,"minecraft:stone":16,"minecraft:copper_ingot":13,"minecraft:polished_blackstone_bricks":10,"minecraft:iron_horse_armor":1,"minecraft:dark_oak_planks":45,"minecraft:arrow":18,"minecraft:peony":1,"minecraft:hay_block":119,"cobblemon:black_augurite":1,"minecraft:yellow_terracotta":18,"minecraft:gold_ingot":7,"minecraft:glow_berries":2,"minecraft:mutton":39,"cobblemon:blue_apricorn":23,"minecraft:white_wool":26,"minecraft:basalt":9,"minecraft:leather":24,"minecraft:acacia_wood":29,"minecraft:birch_planks":268,"minecraft:ancient_debris":1,"minecraft:oak_log":102,"minecraft:chainmail_chestplate":1,"minecraft:golden_boots":1,"minecraft:gunpowder":6,"minecraft:wooden_hoe":1,"minecraft:paper":18,"cobblemon:pink_apricorn_seed":4,"minecraft:apple":12,"minecraft:stone_bricks":57,"minecraft:rabbit_hide":4,"minecraft:spruce_wood":15,"minecraft:iron_ingot":43,"minecraft:cooked_chicken":34,"minecraft:acacia_sapling":4,"cobblemon:chilan_berry":29,"minecraft:smooth_basalt":3,"minecraft:birch_boat":1,"cobblemon:payapa_berry":1,"cobblemon:black_apricorn_seed":2,"minecraft:quartz":318,"cobblemon:blue_apricorn_seed":4,"minecraft:gravel":215,"cobblemon:pink_apricorn":15,"cobblemon:yellow_apricorn_seed":4,"minecraft:spruce_sapling":53,"minecraft:blast_furnace":1,"minecraft:white_bed":26,"minecraft:spruce_log":552,"minecraft:spruce_door":2,"minecraft:spider_eye":7,"minecraft:leather_helmet":4,"minecraft:diamond_shovel":1,"minecraft:purple_bed":2,"minecraft:chainmail_leggings":1,"minecraft:iron_helmet":3,"minecraft:diamond_axe":2,"minecraft:brown_banner":2,"minecraft:coal":194}},"DataVersion":3465}