{
  "uuid": "37654ad5-4ad7-3f39-9e7f-096f7719da1c",
  "starterPrompted": true,
  "starterLocked": false,
  "starterSelected": true,
  "starterUUID": "be8bb5a7-46db-4005-9cd8-01efe491c40e",
  "keyItems": [],
  "battleTheme": "cobblemon:battle.pvp.default",
  "extraData": {},
  "advancementData": {
    "totalCaptureCount": 37,
    "totalEggsHatched": 0,
    "totalEvolvedCount": 14,
    "totalBattleVictoryCount": 71,
    "totalPvPBattleVictoryCount": 0,
    "totalPvWBattleVictoryCount": 71,
    "totalPvNBattleVictoryCount": 0,
    "totalShinyCaptureCount": 0,
    "totalTradedCount": 4,
    "totalTypeCaptureCounts": {
      "electric": 3,
      "normal": 8,
      "rock": 3,
      "ground": 1,
      "fairy": 2,
      "bug": 2,
      "flying": 3,
      "fighting": 5,
      "poison": 6,
      "steel": 3,
      "psychic": 1,
      "grass": 1,
      "water": 2,
      "fire": 5,
      "dragon": 1,
      "ghost": 6,
      "ice": 2,
      "dark": 1
    },
    "totalDefeatedCounts": {
      "cobblemon:pineco": 1,
      "cobblemon:slowpoke": 1,
      "cobblemon:magikarp": 1,
      "cobblemon:goldeen": 2,
      "cobblemon:geodude": 4,
      "cobblemon:taillow": 1,
      "cobblemon:graveler": 2,
      "cobblemon:stonjourner": 7,
      "cobblemon:pidove": 2,
      "cobblemon:fletchling": 1,
      "cobblemon:onix": 4,
      "cobblemon:wooloo": 1,
      "cobblemon:bouffalant": 1,
      "cobblemon:hariyama": 1,
      "cobblemon:copperajah": 1,
      "cobblemon:gible": 1,
      "cobblemon:golem": 2,
      "cobblemon:pidgeot": 1,
      "cobblemon:horsea": 1,
      "cobblemon:heracross": 1,
      "cobblemon:hitmonlee": 1,
      "cobblemon:steelix": 1,
      "cobblemon:golbat": 1,
      "cobblemon:dugtrio": 4,
      "cobblemon:haunter": 2,
      "cobblemon:boldore": 1,
      "cobblemon:aron": 1,
      "cobblemon:snorlax": 1,
      "cobblemon:vespiquen": 1,
      "cobblemon:honedge": 1
    },
    "aspectsCollected": {}
  }
}