{
  "uuid": "f046cfb9-acdb-37f6-93e9-cae7eb8a0288",
  "starterPrompted": true,
  "starterLocked": false,
  "starterSelected": true,
  "starterUUID": "be02dd6c-73d4-4968-88ee-e46222ecbd80",
  "keyItems": [],
  "battleTheme": "cobblemon:battle.pvp.default",
  "extraData": {},
  "advancementData": {
    "totalCaptureCount": 2,
    "totalEggsHatched": 0,
    "totalEvolvedCount": 0,
    "totalBattleVictoryCount": 0,
    "totalPvPBattleVictoryCount": 0,
    "totalPvWBattleVictoryCount": 0,
    "totalPvNBattleVictoryCount": 0,
    "totalShinyCaptureCount": 0,
    "totalTradedCount": 2,
    "totalTypeCaptureCounts": {
      "normal": 1,
      "ground": 1
    },
    "totalDefeatedCounts": {},
    "aspectsCollected": {}
  }
}